musher,bib,intime,indogs,outtime,outdogs,rest,enroute,prev,speed,checkpoint
Jessie Holmes,5,3/3 18:00:00,14,3/3 18:03:00,14,0h 3m,3h 54m,3/3 14:06:00,10.77,Yentna
Matt Hall,3,3/3 18:15:00,14,3/3 18:17:00,14,0h 2m,4h 13m,3/3 14:02:00,9.96,Yentna
Linwood Fiedler,15,3/3 18:23:00,14,3/3 18:26:00,14,0h 3m,3h 57m,3/3 14:26:00,10.63,Yentna
Mats Pettersson,4,3/3 18:12:00,14,3/3 18:28:00,14,0h 16m,4h 8m,3/3 14:04:00,10.16,Yentna
Peter Kaiser,9,3/3 18:25:00,14,3/3 18:29:00,14,0h 4m,4h 11m,3/3 14:14:00,10.04,Yentna
Jessie Royer,14,3/3 18:27:00,14,3/3 18:31:00,14,0h 4m,4h 3m,3/3 14:24:00,10.37,Yentna
Jason Campeau,12,3/3 18:26:00,14,3/3 18:32:00,14,0h 6m,4h 6m,3/3 14:20:00,10.24,Yentna
Ramey Smyth,6,3/3 18:31:00,14,3/3 18:33:00,14,0h 2m,4h 23m,3/3 14:08:00,9.58,Yentna
Lev Shvarts,13,3/3 18:26:00,14,3/3 18:34:00,14,0h 8m,4h 4m,3/3 14:22:00,10.33,Yentna
Anna Berington,10,3/3 18:31:00,14,3/3 18:35:00,14,0h 4m,4h 15m,3/3 14:16:00,9.88,Yentna
Nicolas Petit,20,3/3 18:35:00,14,3/3 18:38:00,14,0h 3m,3h 59m,3/3 14:36:00,10.54,Yentna
Jeff King,23,3/3 18:35:00,14,3/3 18:38:00,14,0h 3m,3h 53m,3/3 14:42:00,10.82,Yentna
Aliy Zirkle,19,3/3 18:36:00,14,3/3 18:38:00,14,0h 2m,4h 2m,3/3 14:34:00,10.41,Yentna
Martin Buser,21,3/3 18:28:00,14,3/3 18:44:00,14,0h 16m,3h 50m,3/3 14:38:00,10.96,Yentna
Anja Radano,2,3/3 18:42:00,14,3/3 18:49:00,14,0h 7m,4h 42m,3/3 14:00:00,8.94,Yentna
Emily Maxwell,18,3/3 18:43:00,14,3/3 18:49:00,14,0h 6m,4h 11m,3/3 14:32:00,10.04,Yentna
Joar Leifseth Ulsom,28,3/3 18:49:00,14,3/3 18:52:00,14,0h 3m,3h 57m,3/3 14:52:00,10.63,Yentna
Richie Diehl,29,3/3 18:49:00,14,3/3 18:53:00,14,0h 4m,3h 55m,3/3 14:54:00,10.72,Yentna
Kristy Berington,26,3/3 18:52:00,14,3/3 18:56:00,14,0h 4m,4h 4m,3/3 14:48:00,10.33,Yentna
Charley Bejna,31,3/3 19:16:00,14,3/3 19:18:00,14,0h 2m,4h 18m,3/3 14:58:00,9.77,Yentna
Ryan Redington,22,3/3 18:35:00,14,3/3 19:20:00,14,0h 45m,3h 55m,3/3 14:40:00,10.72,Yentna
Ed Hopkins,33,3/3 19:25:00,14,3/3 19:30:00,14,0h 5m,4h 23m,3/3 15:02:00,9.58,Yentna
Brett Bruggeman,35,3/3 19:27:00,14,3/3 19:30:00,14,0h 3m,4h 21m,3/3 15:06:00,9.66,Yentna
Kristin Bacon,8,3/3 19:28:00,14,3/3 19:31:00,14,0h 3m,5h 16m,3/3 14:12:00,7.97,Yentna
Paige Drobny,40,3/3 19:30:00,14,3/3 19:33:00,14,0h 3m,4h 14m,3/3 15:16:00,9.92,Yentna
Mitch Seavey,32,3/3 19:32:00,14,3/3 19:35:00,14,0h 3m,4h 32m,3/3 15:00:00,9.26,Yentna
Aaron Burmeister,38,3/3 19:31:00,14,3/3 19:38:00,14,0h 7m,4h 19m,3/3 15:12:00,9.73,Yentna
Travis Beals,51,3/3 19:40:00,14,3/3 19:43:00,14,0h 3m,4h 2m,3/3 15:38:00,10.41,Yentna
Alison Lifka,37,3/3 19:40:00,14,3/3 19:45:00,14,0h 5m,4h 30m,3/3 15:10:00,9.33,Yentna
Robert Redington,34,3/3 19:45:00,14,3/3 19:50:00,14,0h 5m,4h 41m,3/3 15:04:00,8.97,Yentna
Ryan Santiago,49,3/3 19:49:00,14,3/3 19:53:00,14,0h 4m,4h 15m,3/3 15:34:00,9.88,Yentna
Aaron Peck,47,3/3 19:54:00,14,3/3 19:58:00,14,0h 4m,4h 24m,3/3 15:30:00,9.55,Yentna
Sarah Stokey,52,3/3 19:56:00,14,3/3 19:58:00,14,0h 2m,4h 16m,3/3 15:40:00,9.84,Yentna
Marcelle Fressineau,27,3/3 19:12:00,14,3/3 20:08:00,14,0h 56m,4h 22m,3/3 14:50:00,9.62,Yentna
Jeremy Keller,48,3/3 19:57:00,13,3/3 20:08:00,13,0h 11m,4h 25m,3/3 15:32:00,9.51,Yentna
Sebastien Dos Santos Borges,46,3/3 20:04:00,14,3/3 20:18:00,14,0h 14m,4h 36m,3/3 15:28:00,9.13,Yentna
Cindy Gallea,53,3/3 20:13:00,14,3/3 20:18:00,14,0h 5m,4h 31m,3/3 15:42:00,9.30,Yentna
Richie Beattie,50,3/3 20:23:00,14,3/3 20:26:00,14,0h 3m,4h 47m,3/3 15:36:00,8.78,Yentna
Wade Marrs,36,3/3 19:15:00,14,3/3 20:28:00,14,1h 13m,4h 7m,3/3 15:08:00,10.20,Yentna
Matthew Failor,17,3/3 18:21:00,14,3/3 20:32:00,14,2h 11m,3h 51m,3/3 14:30:00,10.91,Yentna
Martin Apayauq Reitan,39,3/3 19:42:00,14,3/3 20:34:00,14,0h 52m,4h 28m,3/3 15:14:00,9.40,Yentna
Jessica Klejka,24,3/3 18:44:00,14,3/3 20:44:00,14,2h 0m,4h 0m,3/3 14:44:00,10.50,Yentna
Michi Konno,43,3/3 19:37:00,14,3/3 21:13:00,14,1h 36m,4h 15m,3/3 15:22:00,9.88,Yentna
Jeff Deeter,25,3/3 21:12:00,13,3/3 21:14:00,13,0h 2m,6h 26m,3/3 14:46:00,6.53,Yentna
Cindy Abbott,16,3/3 18:54:00,14,3/3 21:21:00,14,2h 27m,4h 26m,3/3 14:28:00,9.47,Yentna
Blair Braverman,11,3/3 18:27:00,14,3/3 21:36:00,14,3h 9m,4h 9m,3/3 14:18:00,10.12,Yentna
Shaynee Traska,7,3/3 21:48:00,14,3/3 21:53:00,14,0h 5m,7h 38m,3/3 14:10:00,5.50,Yentna
Lance Mackey,44,3/3 19:38:00,14,3/3 22:02:00,14,2h 24m,4h 14m,3/3 15:24:00,9.92,Yentna
Seth Barnes,45,3/3 19:55:00,14,3/3 23:05:00,14,3h 10m,4h 29m,3/3 15:26:00,9.37,Yentna
Niklas Wikstrand,42,3/3 19:43:00,14,3/3 23:09:00,14,3h 26m,4h 23m,3/3 15:20:00,9.58,Yentna
Michael Baker,41,3/3 19:34:00,14,3/4 00:07:00,14,4h 33m,4h 16m,3/3 15:18:00,9.84,Yentna
Victoria Hardwick,30,3/3 19:35:00,14,3/4 00:37:00,14,5h 2m,4h 39m,3/3 14:56:00,9.03,Yentna
Matt Hall,3,3/3 21:38:00,14,3/3 21:44:00,14,0h 6m,3h 21m,3/3 18:17:00,8.96,Skwentna
Nicolas Petit,20,3/3 21:49:00,14,3/3 21:52:00,14,0h 3m,3h 11m,3/3 18:38:00,9.42,Skwentna
Linwood Fiedler,15,3/3 23:15:00,14,3/3 23:22:00,14,0h 7m,4h 49m,3/3 18:26:00,6.23,Skwentna
Peter Kaiser,9,3/3 23:33:00,14,3/3 23:40:00,14,0h 7m,5h 4m,3/3 18:29:00,5.92,Skwentna
Aliy Zirkle,19,3/4 00:43:00,14,3/4 00:47:00,14,0h 4m,6h 5m,3/3 18:38:00,4.93,Skwentna
Joar Leifseth Ulsom,28,3/4 01:03:00,14,3/4 01:06:00,14,0h 3m,6h 11m,3/3 18:52:00,4.85,Skwentna
Richie Diehl,29,3/4 01:04:00,14,3/4 01:07:00,14,0h 3m,6h 11m,3/3 18:53:00,4.85,Skwentna
Jason Campeau,12,3/4 01:09:00,14,3/4 01:09:00,14,0h 0m,6h 37m,3/3 18:32:00,4.53,Skwentna
Jessie Royer,14,3/4 01:07:00,14,3/4 01:12:00,14,0h 5m,6h 36m,3/3 18:31:00,4.55,Skwentna
Brett Bruggeman,35,3/4 01:01:00,14,3/4 01:15:00,14,0h 14m,5h 31m,3/3 19:30:00,5.44,Skwentna
Blair Braverman,11,3/4 01:03:00,14,3/4 01:19:00,14,0h 16m,3h 27m,3/3 21:36:00,8.70,Skwentna
Mats Pettersson,4,3/3 21:40:00,14,3/4 01:37:00,14,3h 57m,3h 12m,3/3 18:28:00,9.38,Skwentna
Ryan Redington,22,3/3 22:25:00,14,3/4 01:37:00,14,3h 12m,3h 5m,3/3 19:20:00,9.73,Skwentna
Lev Shvarts,13,3/4 01:24:00,14,3/4 01:40:00,14,0h 16m,6h 50m,3/3 18:34:00,4.39,Skwentna
Paige Drobny,40,3/4 01:32:00,14,3/4 01:42:00,14,0h 10m,5h 59m,3/3 19:33:00,5.01,Skwentna
Aaron Peck,47,3/4 01:27:00,14,3/4 01:46:00,14,0h 19m,5h 29m,3/3 19:58:00,5.47,Skwentna
Ed Hopkins,33,3/4 01:49:00,14,3/4 01:56:00,14,0h 7m,6h 19m,3/3 19:30:00,4.75,Skwentna
Aaron Burmeister,38,3/4 01:55:00,14,3/4 02:00:00,14,0h 5m,6h 17m,3/3 19:38:00,4.77,Skwentna
Martin Buser,21,3/4 02:14:00,14,3/4 02:18:00,14,0h 4m,7h 30m,3/3 18:44:00,4.00,Skwentna
Matthew Failor,17,3/3 23:42:00,14,3/4 02:33:00,14,2h 51m,3h 10m,3/3 20:32:00,9.47,Skwentna
Sebastien Dos Santos Borges,46,3/4 02:29:00,14,3/4 02:51:00,14,0h 22m,6h 11m,3/3 20:18:00,4.85,Skwentna
Mitch Seavey,32,3/3 22:56:00,14,3/4 02:53:00,14,3h 57m,3h 21m,3/3 19:35:00,8.96,Skwentna
Richie Beattie,50,3/4 02:51:00,14,3/4 03:01:00,14,0h 10m,6h 25m,3/3 20:26:00,4.68,Skwentna
Travis Beals,51,3/3 23:22:00,14,3/4 03:11:00,14,3h 49m,3h 39m,3/3 19:43:00,8.22,Skwentna
Ramey Smyth,6,3/3 22:10:00,14,3/4 03:17:00,14,5h 7m,3h 37m,3/3 18:33:00,8.29,Skwentna
Wade Marrs,36,3/3 23:38:00,14,3/4 03:21:00,14,3h 43m,3h 10m,3/3 20:28:00,9.47,Skwentna
Jessie Holmes,5,3/3 20:58:00,14,3/4 03:24:00,14,6h 26m,2h 55m,3/3 18:03:00,10.29,Skwentna
Charley Bejna,31,3/3 22:23:00,14,3/4 03:26:00,14,5h 3m,3h 5m,3/3 19:18:00,9.73,Skwentna
Anja Radano,2,3/4 03:14:00,14,3/4 03:28:00,14,0h 14m,8h 25m,3/3 18:49:00,3.56,Skwentna
Anna Berington,10,3/3 22:01:00,14,3/4 03:32:00,14,5h 31m,3h 26m,3/3 18:35:00,8.74,Skwentna
Kristy Berington,26,3/3 22:20:00,14,3/4 03:34:00,13,5h 14m,3h 24m,3/3 18:56:00,8.82,Skwentna
Jeff Deeter,25,3/4 00:39:00,13,3/4 03:43:00,13,3h 4m,3h 25m,3/3 21:14:00,8.78,Skwentna
Jeff King,23,3/3 21:51:00,14,3/4 03:57:00,14,6h 6m,3h 13m,3/3 18:38:00,9.33,Skwentna
Robert Redington,34,3/4 04:04:00,14,3/4 04:07:00,14,0h 3m,8h 14m,3/3 19:50:00,3.64,Skwentna
Jessica Klejka,24,3/3 23:52:00,14,3/4 04:30:00,14,4h 38m,3h 8m,3/3 20:44:00,9.57,Skwentna
Sarah Stokey,52,3/3 23:29:00,14,3/4 04:31:00,14,5h 2m,3h 31m,3/3 19:58:00,8.53,Skwentna
Lance Mackey,44,3/4 01:16:00,14,3/4 04:38:00,14,3h 22m,3h 14m,3/3 22:02:00,9.28,Skwentna
Michi Konno,43,3/4 00:37:00,14,3/4 04:45:00,14,4h 8m,3h 24m,3/3 21:13:00,8.82,Skwentna
Marcelle Fressineau,27,3/3 23:47:00,14,3/4 04:54:00,14,5h 7m,3h 39m,3/3 20:08:00,8.22,Skwentna
Emily Maxwell,18,3/3 22:19:00,14,3/4 05:02:00,14,6h 43m,3h 30m,3/3 18:49:00,8.57,Skwentna
Kristin Bacon,8,3/4 03:58:00,14,3/4 05:19:00,14,1h 21m,8h 27m,3/3 19:31:00,3.55,Skwentna
Shaynee Traska,7,3/4 01:26:00,14,3/4 05:20:00,14,3h 54m,3h 33m,3/3 21:53:00,8.45,Skwentna
Seth Barnes,45,3/4 02:21:00,14,3/4 05:26:00,14,3h 5m,3h 16m,3/3 23:05:00,9.18,Skwentna
Martin Apayauq Reitan,39,3/4 00:09:00,14,3/4 05:36:00,14,5h 27m,3h 35m,3/3 20:34:00,8.37,Skwentna
Jeremy Keller,48,3/3 23:27:00,13,3/4 06:00:00,13,6h 33m,3h 19m,3/3 20:08:00,9.05,Skwentna
Niklas Wikstrand,42,3/4 02:30:00,14,3/4 06:45:00,14,4h 15m,3h 21m,3/3 23:09:00,8.96,Skwentna
Cindy Gallea,53,3/3 23:50:00,14,3/4 06:53:00,14,7h 3m,3h 32m,3/3 20:18:00,8.49,Skwentna
Cindy Abbott,16,3/4 00:42:00,14,3/4 06:53:00,14,6h 11m,3h 21m,3/3 21:21:00,8.96,Skwentna
Michael Baker,41,3/4 03:28:00,14,3/4 07:47:00,14,4h 19m,3h 21m,3/4 00:07:00,8.96,Skwentna
Alison Lifka,37,3/4 04:14:00,14,3/4 08:05:00,14,3h 51m,8h 29m,3/3 19:45:00,3.54,Skwentna
Ryan Santiago,49,3/4 04:11:00,14,3/4 08:42:00,14,4h 31m,8h 18m,3/3 19:53:00,3.61,Skwentna
Victoria Hardwick,30,3/4 04:09:00,14,3/4 09:00:00,14,4h 51m,3h 32m,3/4 00:37:00,8.49,Skwentna
Peter Kaiser,9,3/4 06:05:00,14,3/4 06:10:00,14,0h 5m,6h 25m,3/3 23:40:00,6.23,Finger Lake
Nicolas Petit,20,3/4 06:09:00,14,3/4 06:10:00,14,0h 1m,8h 17m,3/3 21:52:00,4.83,Finger Lake
Ryan Redington,22,3/4 06:07:00,14,3/4 06:12:00,14,0h 5m,4h 30m,3/4 01:37:00,8.89,Finger Lake
Matt Hall,3,3/4 07:36:00,14,3/4 07:41:00,14,0h 5m,9h 52m,3/3 21:44:00,4.05,Finger Lake
Jessie Holmes,5,3/4 07:47:00,14,3/4 07:48:00,14,0h 1m,4h 23m,3/4 03:24:00,9.13,Finger Lake
Linwood Fiedler,15,3/4 03:53:00,14,3/4 08:05:00,14,4h 12m,4h 31m,3/3 23:22:00,8.86,Finger Lake
Wade Marrs,36,3/4 08:00:00,14,3/4 08:05:00,14,0h 5m,4h 39m,3/4 03:21:00,8.60,Finger Lake
Aliy Zirkle,19,3/4 05:29:00,14,3/4 08:32:00,14,3h 3m,4h 42m,3/4 00:47:00,8.51,Finger Lake
Ramey Smyth,6,3/4 08:32:00,14,3/4 08:37:00,14,0h 5m,5h 15m,3/4 03:17:00,7.62,Finger Lake
Anna Berington,10,3/4 08:26:00,14,3/4 08:39:00,14,0h 13m,4h 54m,3/4 03:32:00,8.16,Finger Lake
Kristy Berington,26,3/4 08:28:00,13,3/4 08:39:00,13,0h 11m,4h 54m,3/4 03:34:00,8.16,Finger Lake
Joar Leifseth Ulsom,28,3/4 05:39:00,14,3/4 08:40:00,14,3h 1m,4h 33m,3/4 01:06:00,8.79,Finger Lake
Jessie Royer,14,3/4 05:49:00,14,3/4 09:07:00,14,3h 18m,4h 37m,3/4 01:12:00,8.66,Finger Lake
Mats Pettersson,4,3/4 06:10:00,14,3/4 09:09:00,14,2h 59m,4h 33m,3/4 01:37:00,8.79,Finger Lake
Sarah Stokey,52,3/4 09:11:00,14,3/4 09:16:00,14,0h 5m,4h 40m,3/4 04:31:00,8.57,Finger Lake
Jason Campeau,12,3/4 06:02:00,14,3/4 09:25:00,14,3h 23m,4h 53m,3/4 01:09:00,8.19,Finger Lake
Richie Diehl,29,3/4 05:42:00,14,3/4 09:48:00,14,4h 6m,4h 35m,3/4 01:07:00,8.73,Finger Lake
Michi Konno,43,3/4 09:37:00,14,3/4 09:51:00,14,0h 14m,4h 52m,3/4 04:45:00,8.22,Finger Lake
Travis Beals,51,3/4 07:39:00,14,3/4 10:03:00,14,2h 24m,4h 28m,3/4 03:11:00,8.96,Finger Lake
Jeff King,23,3/4 08:42:00,14,3/4 10:04:00,14,1h 22m,4h 45m,3/4 03:57:00,8.42,Finger Lake
Lev Shvarts,13,3/4 10:15:00,14,3/4 10:18:00,14,0h 3m,8h 35m,3/4 01:40:00,4.66,Finger Lake
Mitch Seavey,32,3/4 07:33:00,14,3/4 10:19:00,14,2h 46m,4h 40m,3/4 02:53:00,8.57,Finger Lake
Brett Bruggeman,35,3/4 10:29:00,14,3/4 10:35:00,14,0h 6m,9h 14m,3/4 01:15:00,4.33,Finger Lake
Paige Drobny,40,3/4 10:35:00,14,3/4 10:37:00,14,0h 2m,8h 53m,3/4 01:42:00,4.50,Finger Lake
Aaron Peck,47,3/4 10:39:00,14,3/4 10:47:00,13,0h 8m,8h 53m,3/4 01:46:00,4.50,Finger Lake
Matthew Failor,17,3/4 07:09:00,14,3/4 10:48:00,14,3h 39m,4h 36m,3/4 02:33:00,8.70,Finger Lake
Martin Buser,21,3/4 11:23:00,14,3/4 11:24:00,14,0h 1m,9h 5m,3/4 02:18:00,4.40,Finger Lake
Jeff Deeter,25,3/4 11:27:00,13,3/4 11:33:00,13,0h 6m,7h 44m,3/4 03:43:00,5.17,Finger Lake
Aaron Burmeister,38,3/4 06:59:00,14,3/4 11:38:00,13,4h 39m,4h 59m,3/4 02:00:00,8.03,Finger Lake
Charley Bejna,31,3/4 08:15:00,14,3/4 11:40:00,14,3h 25m,4h 49m,3/4 03:26:00,8.30,Finger Lake
Richie Beattie,50,3/4 12:04:00,14,3/4 12:06:00,14,0h 2m,9h 3m,3/4 03:01:00,4.42,Finger Lake
Sebastien Dos Santos Borges,46,3/4 12:20:00,14,3/4 12:26:00,14,0h 6m,9h 29m,3/4 02:51:00,4.22,Finger Lake
Blair Braverman,11,3/4 12:10:00,14,3/4 12:31:00,13,0h 21m,10h 51m,3/4 01:19:00,3.69,Finger Lake
Robert Redington,34,3/4 09:23:00,14,3/4 14:04:00,13,4h 41m,5h 16m,3/4 04:07:00,7.59,Finger Lake
Ed Hopkins,33,3/4 10:53:00,14,3/4 14:45:00,14,3h 52m,8h 57m,3/4 01:56:00,4.47,Finger Lake
Kristin Bacon,8,3/4 14:51:00,14,3/4 14:56:00,14,0h 5m,9h 32m,3/4 05:19:00,4.20,Finger Lake
Lance Mackey,44,3/4 09:33:00,14,3/4 15:10:00,14,5h 37m,4h 55m,3/4 04:38:00,8.14,Finger Lake
Martin Apayauq Reitan,39,3/4 10:50:00,14,3/4 15:11:00,14,4h 21m,5h 14m,3/4 05:36:00,7.64,Finger Lake
Jessica Klejka,24,3/4 09:24:00,14,3/4 15:12:00,14,5h 48m,4h 54m,3/4 04:30:00,8.16,Finger Lake
Seth Barnes,45,3/4 10:18:00,14,3/4 15:17:00,14,4h 59m,4h 52m,3/4 05:26:00,8.22,Finger Lake
Shaynee Traska,7,3/4 10:22:00,14,3/4 15:18:00,12,4h 56m,5h 2m,3/4 05:20:00,7.95,Finger Lake
Emily Maxwell,18,3/4 09:56:00,14,3/4 15:20:00,13,5h 24m,4h 54m,3/4 05:02:00,8.16,Finger Lake
Anja Radano,2,3/4 16:01:00,14,3/4 16:21:00,13,0h 20m,12h 33m,3/4 03:28:00,3.19,Finger Lake
Niklas Wikstrand,42,3/4 11:37:00,14,3/4 16:47:00,14,5h 10m,4h 52m,3/4 06:45:00,8.22,Finger Lake
Marcelle Fressineau,27,3/4 12:18:00,14,3/4 17:00:00,13,4h 42m,7h 24m,3/4 04:54:00,5.41,Finger Lake
Michael Baker,41,3/4 12:13:00,14,3/4 17:28:00,14,5h 15m,4h 26m,3/4 07:47:00,9.02,Finger Lake
Cindy Gallea,53,3/4 11:55:00,14,3/4 17:41:00,13,5h 46m,5h 2m,3/4 06:53:00,7.95,Finger Lake
Cindy Abbott,16,3/4 12:01:00,14,3/4 18:03:00,14,6h 2m,5h 8m,3/4 06:53:00,7.79,Finger Lake
Ryan Santiago,49,3/4 13:24:00,14,3/4 18:23:00,14,4h 59m,4h 42m,3/4 08:42:00,8.51,Finger Lake
Alison Lifka,37,3/4 13:03:54,14,3/4 18:35:00,14,5h 31m,4h 58m,3/4 08:05:00,8.05,Finger Lake
Victoria Hardwick,30,3/4 16:36:00,14,3/4 19:14:00,14,2h 38m,7h 36m,3/4 09:00:00,5.26,Finger Lake
Jeremy Keller,48,3/4 11:58:00,13,3/4 19:24:00,9,7h 26m,5h 58m,3/4 06:00:00,6.70,Finger Lake
Nicolas Petit,20,3/4 09:06:00,14,3/4 09:14:00,14,0h 8m,2h 56m,3/4 06:10:00,10.23,Rainy Pass
Peter Kaiser,9,3/4 09:18:00,14,3/4 09:25:00,14,0h 7m,3h 8m,3/4 06:10:00,9.57,Rainy Pass
Joar Leifseth Ulsom,28,3/4 11:42:00,14,3/4 14:52:00,13,3h 10m,3h 2m,3/4 08:40:00,9.89,Rainy Pass
Ryan Redington,22,3/4 09:26:00,14,3/4 15:16:00,14,5h 50m,3h 14m,3/4 06:12:00,9.28,Rainy Pass
Aliy Zirkle,19,3/4 11:43:00,14,3/4 15:19:00,14,3h 36m,3h 11m,3/4 08:32:00,9.42,Rainy Pass
Matt Hall,3,3/4 11:04:00,14,3/4 15:51:00,14,4h 47m,3h 23m,3/4 07:41:00,8.87,Rainy Pass
Jessie Holmes,5,3/4 11:03:00,14,3/4 15:55:00,14,4h 52m,3h 15m,3/4 07:48:00,9.23,Rainy Pass
Jessie Royer,14,3/4 12:13:00,14,3/4 15:59:00,14,3h 46m,3h 6m,3/4 09:07:00,9.68,Rainy Pass
Aaron Burmeister,38,3/4 15:46:00,13,3/4 16:01:00,13,0h 15m,4h 8m,3/4 11:38:00,7.26,Rainy Pass
Linwood Fiedler,15,3/4 11:18:00,14,3/4 16:02:00,14,4h 44m,3h 13m,3/4 08:05:00,9.33,Rainy Pass
Mitch Seavey,32,3/4 13:32:00,14,3/4 16:22:00,14,2h 50m,3h 13m,3/4 10:19:00,9.33,Rainy Pass
Mats Pettersson,4,3/4 12:18:00,14,3/4 16:37:00,14,4h 19m,3h 9m,3/4 09:09:00,9.52,Rainy Pass
Richie Diehl,29,3/4 12:58:00,14,3/4 16:42:00,14,3h 44m,3h 10m,3/4 09:48:00,9.47,Rainy Pass
Jason Campeau,12,3/4 12:57:00,14,3/4 16:51:00,14,3h 54m,3h 32m,3/4 09:25:00,8.49,Rainy Pass
Travis Beals,51,3/4 13:12:00,14,3/4 16:58:00,14,3h 46m,3h 9m,3/4 10:03:00,9.52,Rainy Pass
Kristy Berington,26,3/4 16:56:00,13,3/4 17:01:00,13,0h 5m,8h 17m,3/4 08:39:00,3.62,Rainy Pass
Anna Berington,10,3/4 16:57:00,14,3/4 17:01:00,14,0h 4m,8h 18m,3/4 08:39:00,3.61,Rainy Pass
Wade Marrs,36,3/4 17:22:00,14,3/4 17:24:00,14,0h 2m,9h 17m,3/4 08:05:00,3.23,Rainy Pass
Matthew Failor,17,3/4 14:04:00,14,3/4 17:25:00,14,3h 21m,3h 16m,3/4 10:48:00,9.18,Rainy Pass
Ramey Smyth,6,3/4 17:23:00,14,3/4 17:25:00,14,0h 2m,8h 46m,3/4 08:37:00,3.42,Rainy Pass
Sarah Stokey,52,3/4 12:43:00,14,3/4 17:34:00,14,4h 51m,3h 27m,3/4 09:16:00,8.70,Rainy Pass
Paige Drobny,40,3/4 14:00:00,14,3/4 17:48:00,13,3h 48m,3h 23m,3/4 10:37:00,8.87,Rainy Pass
Michi Konno,43,3/4 13:22:00,14,3/4 18:15:00,14,4h 53m,3h 31m,3/4 09:51:00,8.53,Rainy Pass
Brett Bruggeman,35,3/4 14:17:00,14,3/4 18:39:00,14,4h 22m,3h 42m,3/4 10:35:00,8.11,Rainy Pass
Lev Shvarts,13,3/4 13:38:00,14,3/4 18:41:00,13,5h 3m,3h 20m,3/4 10:18:00,9.00,Rainy Pass
Jeff King,23,3/4 13:29:00,14,3/4 18:52:00,14,5h 23m,3h 25m,3/4 10:04:00,8.78,Rainy Pass
Aaron Peck,47,3/4 14:15:00,13,3/4 18:54:00,13,4h 39m,3h 28m,3/4 10:47:00,8.65,Rainy Pass
Jeff Deeter,25,3/4 14:57:00,13,3/4 18:56:00,12,3h 59m,3h 24m,3/4 11:33:00,8.82,Rainy Pass
Martin Buser,21,3/4 14:44:00,14,3/4 19:01:00,14,4h 17m,3h 20m,3/4 11:24:00,9.00,Rainy Pass
Charley Bejna,31,3/4 15:21:00,14,3/4 19:26:00,13,4h 5m,3h 41m,3/4 11:40:00,8.14,Rainy Pass
Emily Maxwell,18,3/4 18:49:00,13,3/4 20:02:00,13,1h 13m,3h 29m,3/4 15:20:00,8.61,Rainy Pass
Sebastien Dos Santos Borges,46,3/4 16:34:00,14,3/4 21:16:00,14,4h 42m,4h 8m,3/4 12:26:00,7.26,Rainy Pass
Robert Redington,34,3/4 17:34:00,13,3/4 21:21:00,13,3h 47m,3h 30m,3/4 14:04:00,8.57,Rainy Pass
Ed Hopkins,33,3/4 18:17:00,14,3/4 21:24:00,14,3h 7m,3h 32m,3/4 14:45:00,8.49,Rainy Pass
Seth Barnes,45,3/4 18:46:00,14,3/4 21:25:00,14,2h 39m,3h 29m,3/4 15:17:00,8.61,Rainy Pass
Lance Mackey,44,3/4 18:38:00,14,3/4 21:46:00,14,3h 8m,3h 28m,3/4 15:10:00,8.65,Rainy Pass
Richie Beattie,50,3/4 16:23:00,14,3/4 21:51:00,14,5h 28m,4h 17m,3/4 12:06:00,7.00,Rainy Pass
Jessica Klejka,24,3/4 18:39:00,14,3/4 22:56:00,14,4h 17m,3h 27m,3/4 15:12:00,8.70,Rainy Pass
Shaynee Traska,7,3/4 19:06:00,12,3/5 00:27:00,12,5h 21m,3h 48m,3/4 15:18:00,7.89,Rainy Pass
Blair Braverman,11,3/4 22:08:00,13,3/5 00:49:00,13,2h 41m,9h 37m,3/4 12:31:00,3.12,Rainy Pass
Kristin Bacon,8,3/4 19:28:00,14,3/5 01:03:00,14,5h 35m,4h 32m,3/4 14:56:00,6.62,Rainy Pass
Anja Radano,2,3/4 20:08:00,13,3/5 01:10:00,13,5h 2m,3h 47m,3/4 16:21:00,7.93,Rainy Pass
Michael Baker,41,3/4 21:01:00,14,3/5 02:16:00,13,5h 15m,3h 33m,3/4 17:28:00,8.45,Rainy Pass
Niklas Wikstrand,42,3/4 20:20:00,14,3/5 02:21:00,14,6h 1m,3h 33m,3/4 16:47:00,8.45,Rainy Pass
Marcelle Fressineau,27,3/4 21:30:00,13,3/5 03:20:00,13,5h 50m,4h 30m,3/4 17:00:00,6.67,Rainy Pass
Ryan Santiago,49,3/4 21:57:00,14,3/5 04:33:00,14,6h 36m,3h 34m,3/4 18:23:00,8.41,Rainy Pass
Alison Lifka,37,3/4 22:14:00,14,3/5 05:05:00,14,6h 51m,3h 39m,3/4 18:35:00,8.22,Rainy Pass
Martin Apayauq Reitan,39,3/4 20:06:00,14,3/5 05:43:00,13,9h 37m,4h 55m,3/4 15:11:00,6.10,Rainy Pass
Jeremy Keller,48,3/4 23:13:00,9,3/5 05:51:00,9,6h 38m,3h 49m,3/4 19:24:00,7.86,Rainy Pass
Cindy Abbott,16,3/4 22:28:00,14,3/5 06:35:00,14,8h 7m,4h 25m,3/4 18:03:00,6.79,Rainy Pass
Cindy Gallea,53,3/4 21:35:00,13,3/5 06:40:00,13,9h 5m,3h 54m,3/4 17:41:00,7.69,Rainy Pass
Victoria Hardwick,30,3/5 00:30:00,14,3/5 09:12:00,14,8h 42m,5h 16m,3/4 19:14:00,5.70,Rainy Pass
Nicolas Petit,20,3/4 17:52:00,14,3/4 18:12:00,14,0h 20m,8h 38m,3/4 09:14:00,4.05,Rohn
Joar Leifseth Ulsom,28,3/4 18:30:00,13,3/4 18:37:00,13,0h 7m,3h 38m,3/4 14:52:00,9.63,Rohn
Ryan Redington,22,3/4 19:06:00,14,3/4 19:18:00,14,0h 12m,3h 50m,3/4 15:16:00,9.13,Rohn
Aliy Zirkle,19,3/4 19:12:00,14,3/4 19:54:00,14,0h 42m,3h 53m,3/4 15:19:00,9.01,Rohn
Jessie Royer,14,3/4 19:44:00,14,3/4 20:03:00,14,0h 19m,3h 45m,3/4 15:59:00,9.33,Rohn
Matt Hall,3,3/4 19:55:00,14,3/4 20:06:00,14,0h 11m,4h 4m,3/4 15:51:00,8.61,Rohn
Mitch Seavey,32,3/4 20:11:00,14,3/4 20:31:00,13,0h 20m,3h 49m,3/4 16:22:00,9.17,Rohn
Richie Diehl,29,3/4 20:30:00,14,3/4 20:41:00,14,0h 11m,3h 48m,3/4 16:42:00,9.21,Rohn
Travis Beals,51,3/4 20:53:00,14,3/4 20:53:00,13,0h 0m,3h 55m,3/4 16:58:00,8.94,Rohn
Peter Kaiser,9,3/4 18:18:00,14,3/4 21:16:00,14,2h 58m,8h 53m,3/4 09:25:00,3.94,Rohn
Matthew Failor,17,3/4 21:21:00,14,3/4 21:33:00,14,0h 12m,3h 56m,3/4 17:25:00,8.90,Rohn
Ramey Smyth,6,3/4 22:08:00,14,3/4 22:08:00,14,0h 0m,4h 43m,3/4 17:25:00,7.42,Rohn
Paige Drobny,40,3/4 22:10:00,13,3/4 22:26:00,13,0h 16m,4h 22m,3/4 17:48:00,8.02,Rohn
Martin Buser,21,3/4 23:16:00,14,3/4 23:24:00,14,0h 8m,4h 15m,3/4 19:01:00,8.24,Rohn
Lev Shvarts,13,3/4 22:58:00,13,3/4 23:46:00,13,0h 48m,4h 17m,3/4 18:41:00,8.17,Rohn
Jeff Deeter,25,3/4 23:33:00,12,3/4 23:52:00,12,0h 19m,4h 37m,3/4 18:56:00,7.58,Rohn
Charley Bejna,31,3/4 23:45:00,13,3/5 00:25:00,13,0h 40m,4h 19m,3/4 19:26:00,8.11,Rohn
Wade Marrs,36,3/4 21:25:00,14,3/5 01:33:00,14,4h 8m,4h 1m,3/4 17:24:00,8.71,Rohn
Aaron Burmeister,38,3/4 20:18:00,13,3/5 01:40:00,13,5h 22m,4h 17m,3/4 16:01:00,8.17,Rohn
Jessie Holmes,5,3/4 19:31:00,14,3/5 01:44:00,14,6h 13m,3h 36m,3/4 15:55:00,9.72,Rohn
Linwood Fiedler,15,3/4 20:06:00,14,3/5 01:56:00,13,5h 50m,4h 4m,3/4 16:02:00,8.61,Rohn
Mats Pettersson,4,3/4 20:32:00,14,3/5 02:10:00,14,5h 38m,3h 55m,3/4 16:37:00,8.94,Rohn
Michi Konno,43,3/4 22:23:00,14,3/5 02:28:00,14,4h 5m,4h 8m,3/4 18:15:00,8.47,Rohn
Jason Campeau,12,3/4 21:22:00,14,3/5 02:44:00,14,5h 22m,4h 31m,3/4 16:51:00,7.75,Rohn
Sarah Stokey,52,3/4 22:00:00,14,3/5 03:23:00,14,5h 23m,4h 26m,3/4 17:34:00,7.89,Rohn
Anna Berington,10,3/4 21:34:00,14,3/5 03:45:00,14,6h 11m,4h 33m,3/4 17:01:00,7.69,Rohn
Kristy Berington,26,3/4 21:33:00,13,3/5 03:49:00,13,6h 16m,4h 32m,3/4 17:01:00,7.72,Rohn
Aaron Peck,47,3/4 23:34:00,13,3/5 04:07:00,13,4h 33m,4h 40m,3/4 18:54:00,7.50,Rohn
Jeff King,23,3/4 23:06:00,14,3/5 05:54:00,14,6h 48m,4h 14m,3/4 18:52:00,8.27,Rohn
Brett Bruggeman,35,3/4 23:35:00,14,3/5 05:56:00,14,6h 21m,4h 56m,3/4 18:39:00,7.09,Rohn
Seth Barnes,45,3/5 01:53:00,14,3/5 06:09:00,14,4h 16m,4h 28m,3/4 21:25:00,7.84,Rohn
Ed Hopkins,33,3/5 01:57:00,14,3/5 06:40:00,13,4h 43m,4h 33m,3/4 21:24:00,7.69,Rohn
Robert Redington,34,3/5 01:41:00,13,3/5 07:07:00,13,5h 26m,4h 20m,3/4 21:21:00,8.08,Rohn
Richie Beattie,50,3/5 02:11:00,14,3/5 07:12:00,14,5h 1m,4h 20m,3/4 21:51:00,8.08,Rohn
Lance Mackey,44,3/5 01:59:00,14,3/5 07:14:00,14,5h 15m,4h 13m,3/4 21:46:00,8.30,Rohn
Jessica Klejka,24,3/5 03:18:00,14,3/5 08:12:00,14,4h 54m,4h 22m,3/4 22:56:00,8.02,Rohn
Sebastien Dos Santos Borges,46,3/5 02:12:00,14,3/5 08:23:00,14,6h 11m,4h 56m,3/4 21:16:00,7.09,Rohn
Emily Maxwell,18,3/5 01:19:00,13,3/5 08:29:00,12,7h 10m,5h 17m,3/4 20:02:00,6.62,Rohn
Shaynee Traska,7,3/5 04:55:00,12,3/5 10:30:00,10,5h 35m,4h 28m,3/5 00:27:00,7.84,Rohn
Blair Braverman,11,3/5 06:39:00,13,3/5 12:48:00,13,6h 9m,5h 50m,3/5 00:49:00,6.00,Rohn
Niklas Wikstrand,42,3/5 06:14:00,14,3/5 12:50:00,14,6h 36m,3h 53m,3/5 02:21:00,9.01,Rohn
Kristin Bacon,8,3/5 06:57:00,14,3/5 12:51:00,14,5h 54m,5h 54m,3/5 01:03:00,5.93,Rohn
Martin Apayauq Reitan,39,3/5 10:11:00,13,3/5 13:05:00,13,2h 54m,4h 28m,3/5 05:43:00,7.84,Rohn
Michael Baker,41,3/5 06:54:00,13,3/5 13:42:00,13,6h 48m,4h 38m,3/5 02:16:00,7.55,Rohn
Anja Radano,2,3/5 06:10:00,13,3/5 14:19:00,13,8h 9m,5h 0m,3/5 01:10:00,7.00,Rohn
Ryan Santiago,49,3/5 09:30:00,14,3/5 15:05:00,14,5h 35m,4h 57m,3/5 04:33:00,7.07,Rohn
Alison Lifka,37,3/5 09:47:00,14,3/5 16:00:00,13,6h 13m,4h 42m,3/5 05:05:00,7.45,Rohn
Marcelle Fressineau,27,3/5 11:18:00,13,3/5 17:28:00,13,6h 10m,7h 58m,3/5 03:20:00,4.39,Rohn
Jeremy Keller,48,3/5 10:22:00,9,3/5 17:49:00,9,7h 27m,4h 31m,3/5 05:51:00,7.75,Rohn
Cindy Abbott,16,3/5 13:10:00,14,3/5 21:40:00,14,8h 30m,6h 35m,3/5 06:35:00,5.32,Rohn
Victoria Hardwick,30,3/5 15:24:00,14,3/5 22:00:00,14,6h 36m,6h 12m,3/5 09:12:00,5.65,Rohn
Cindy Gallea,53,3/5 12:41:00,13,3/5 22:05:00,13,9h 24m,6h 1m,3/5 06:40:00,5.82,Rohn
Nicolas Petit,20,3/5 09:04:00,14,3/5 09:08:00,14,0h 4m,14h 52m,3/4 18:12:00,5.04,Nikolai
Joar Leifseth Ulsom,28,3/5 06:36:00,13,3/5 10:37:00,13,4h 1m,11h 59m,3/4 18:37:00,6.26,Nikolai
Jessie Royer,14,3/5 08:10:00,14,3/5 12:09:00,14,3h 59m,12h 7m,3/4 20:03:00,6.19,Nikolai
Peter Kaiser,9,3/5 07:54:00,14,3/5 12:23:00,14,4h 29m,10h 38m,3/4 21:16:00,7.05,Nikolai
Aliy Zirkle,19,3/5 08:58:00,14,3/5 12:54:00,14,3h 56m,13h 4m,3/4 19:54:00,5.74,Nikolai
Matt Hall,3,3/5 09:01:00,14,3/5 13:00:00,13,3h 59m,12h 55m,3/4 20:06:00,5.81,Nikolai
Ryan Redington,22,3/5 09:10:00,14,3/5 13:41:00,14,4h 31m,13h 52m,3/4 19:18:00,5.41,Nikolai
Travis Beals,51,3/5 09:46:00,13,3/5 14:09:00,13,4h 23m,12h 53m,3/4 20:53:00,5.82,Nikolai
Richie Diehl,29,3/5 09:27:00,14,3/5 14:30:00,14,5h 3m,12h 46m,3/4 20:41:00,5.87,Nikolai
Mitch Seavey,32,3/5 10:00:00,13,3/5 14:40:00,13,4h 40m,13h 29m,3/4 20:31:00,5.56,Nikolai
Jessie Holmes,5,3/5 10:09:00,14,3/5 15:14:00,14,5h 5m,8h 25m,3/5 01:44:00,8.91,Nikolai
Matthew Failor,17,3/5 10:44:00,14,3/5 15:32:00,13,4h 48m,13h 11m,3/4 21:33:00,5.69,Nikolai
Aaron Burmeister,38,3/5 11:24:00,13,3/5 15:59:00,13,4h 35m,9h 44m,3/5 01:40:00,7.71,Nikolai
Wade Marrs,36,3/5 12:19:00,14,3/5 16:12:00,12,3h 53m,10h 46m,3/5 01:33:00,6.97,Nikolai
Paige Drobny,40,3/5 12:02:00,13,3/5 16:20:00,13,4h 18m,13h 36m,3/4 22:26:00,5.51,Nikolai
Mats Pettersson,4,3/5 11:42:00,14,3/5 16:40:00,13,4h 58m,9h 32m,3/5 02:10:00,7.87,Nikolai
Lev Shvarts,13,3/5 12:56:00,13,3/5 18:05:00,13,5h 9m,13h 10m,3/4 23:46:00,5.70,Nikolai
Linwood Fiedler,15,3/5 11:59:00,13,3/5 18:15:00,13,6h 16m,10h 3m,3/5 01:56:00,7.46,Nikolai
Aaron Peck,47,3/5 18:16:00,13,3/5 18:16:00,12,0h 0m,14h 9m,3/5 04:07:00,5.30,Nikolai
Ramey Smyth,6,3/5 13:21:00,14,3/5 18:21:00,14,5h 0m,15h 13m,3/4 22:08:00,4.93,Nikolai
Sarah Stokey,52,3/5 13:15:00,14,3/5 18:25:00,14,5h 10m,9h 52m,3/5 03:23:00,7.60,Nikolai
Martin Buser,21,3/5 13:20:00,14,3/5 19:02:00,14,5h 42m,13h 56m,3/4 23:24:00,5.38,Nikolai
Anna Berington,10,3/5 19:02:00,14,3/5 19:05:00,14,0h 3m,15h 17m,3/5 03:45:00,4.91,Nikolai
Kristy Berington,26,3/5 19:03:00,13,3/5 19:06:00,13,0h 3m,15h 14m,3/5 03:49:00,4.92,Nikolai
Michi Konno,43,3/5 14:08:00,14,3/5 19:32:00,13,5h 24m,11h 40m,3/5 02:28:00,6.43,Nikolai
Charley Bejna,31,3/5 14:42:00,13,3/5 20:15:00,13,5h 33m,14h 17m,3/5 00:25:00,5.25,Nikolai
Jeff King,23,3/5 14:53:00,14,3/5 20:15:00,14,5h 22m,8h 59m,3/5 05:54:00,8.35,Nikolai
Jeff Deeter,25,3/5 15:11:00,12,3/5 20:24:00,11,5h 13m,15h 19m,3/4 23:52:00,4.90,Nikolai
Brett Bruggeman,35,3/5 16:07:00,14,3/5 20:28:00,14,4h 21m,10h 11m,3/5 05:56:00,7.36,Nikolai
Jason Campeau,12,3/5 16:06:00,14,3/5 20:34:00,13,4h 28m,13h 22m,3/5 02:44:00,5.61,Nikolai
Ed Hopkins,33,3/5 16:22:00,13,3/5 21:39:00,13,5h 17m,9h 42m,3/5 06:40:00,7.73,Nikolai
Seth Barnes,45,3/5 18:35:00,14,3/5 22:40:00,14,4h 5m,12h 26m,3/5 06:09:00,6.03,Nikolai
Richie Beattie,50,3/5 19:28:00,14,3/6 00:19:00,14,4h 51m,12h 16m,3/5 07:12:00,6.11,Nikolai
Robert Redington,34,3/5 20:53:00,13,3/6 02:07:00,13,5h 14m,13h 46m,3/5 07:07:00,5.45,Nikolai
Jessica Klejka,24,3/5 19:05:00,14,3/6 02:14:00,14,7h 9m,10h 53m,3/5 08:12:00,6.89,Nikolai
Emily Maxwell,18,3/6 03:46:00,12,3/6 03:46:00,12,0h 0m,19h 17m,3/5 08:29:00,3.89,Nikolai
Lance Mackey,44,3/5 19:50:00,14,3/6 03:55:00,13,8h 5m,12h 36m,3/5 07:14:00,5.95,Nikolai
Sebastien Dos Santos Borges,46,3/5 23:18:00,14,3/6 05:11:00,14,5h 53m,14h 55m,3/5 08:23:00,5.03,Nikolai
Martin Apayauq Reitan,39,3/6 01:05:00,13,3/6 09:02:00,13,7h 57m,12h 0m,3/5 13:05:00,6.25,Nikolai
Blair Braverman,11,3/6 03:35:00,13,3/6 09:19:00,12,5h 44m,14h 47m,3/5 12:48:00,5.07,Nikolai
Niklas Wikstrand,42,3/6 03:52:00,14,3/6 09:50:00,14,5h 58m,15h 2m,3/5 12:50:00,4.99,Nikolai
Kristin Bacon,8,3/6 05:49:00,14,3/6 11:22:00,14,5h 33m,16h 58m,3/5 12:51:00,4.42,Nikolai
Anja Radano,2,3/6 05:18:00,13,3/6 11:25:00,13,6h 7m,14h 59m,3/5 14:19:00,5.01,Nikolai
Michael Baker,41,3/6 06:57:00,13,3/6 11:45:00,13,4h 48m,17h 15m,3/5 13:42:00,4.35,Nikolai
Ryan Santiago,49,3/6 07:30:00,14,3/6 13:45:00,14,6h 15m,16h 25m,3/5 15:05:00,4.57,Nikolai
Marcelle Fressineau,27,3/6 08:02:00,13,3/6 15:15:00,13,7h 13m,14h 34m,3/5 17:28:00,5.15,Nikolai
Jeremy Keller,48,3/6 11:09:00,9,3/6 20:13:00,9,9h 4m,17h 20m,3/5 17:49:00,4.33,Nikolai
Victoria Hardwick,30,3/6 16:34:00,14,3/6 20:17:00,14,3h 43m,18h 34m,3/5 22:00:00,4.04,Nikolai
Cindy Abbott,16,3/6 13:42:00,14,3/6 20:24:00,14,6h 42m,16h 2m,3/5 21:40:00,4.68,Nikolai
Cindy Gallea,53,3/6 13:22:00,13,3/6 20:47:00,13,7h 25m,15h 17m,3/5 22:05:00,4.91,Nikolai
Alison Lifka,37,3/6 14:00:00,13,3/6 20:48:00,13,6h 48m,22h 0m,3/5 16:00:00,3.41,Nikolai
Shaynee Traska,7,3/6 01:44:00,10,,,,15h 14m,3/5 10:30:00,4.92,Nikolai
Joar Leifseth Ulsom,28,3/5 16:45:00,13,3/5 16:49:00,13,0h 4m,6h 8m,3/5 10:37:00,7.83,McGrath
Jessie Royer,14,3/5 18:40:00,14,3/5 18:44:00,14,0h 4m,6h 31m,3/5 12:09:00,7.37,McGrath
Peter Kaiser,9,3/5 19:23:00,14,3/5 19:24:00,14,0h 1m,7h 0m,3/5 12:23:00,6.86,McGrath
Nicolas Petit,20,3/5 15:17:00,14,3/5 19:33:00,14,4h 16m,6h 9m,3/5 09:08:00,7.80,McGrath
Matt Hall,3,3/5 20:22:00,13,3/5 20:23:00,13,0h 1m,7h 22m,3/5 13:00:00,6.52,McGrath
Ryan Redington,22,3/5 20:36:00,14,3/5 20:43:00,14,0h 7m,6h 55m,3/5 13:41:00,6.94,McGrath
Richie Diehl,29,3/5 20:47:00,14,3/5 20:50:00,14,0h 3m,6h 17m,3/5 14:30:00,7.64,McGrath
Mitch Seavey,32,3/5 21:26:00,13,3/5 21:28:00,13,0h 2m,6h 46m,3/5 14:40:00,7.09,McGrath
Matthew Failor,17,3/5 21:49:00,13,3/5 21:51:00,13,0h 2m,6h 17m,3/5 15:32:00,7.64,McGrath
Paige Drobny,40,3/5 23:16:00,13,3/5 23:19:00,13,0h 3m,6h 56m,3/5 16:20:00,6.92,McGrath
Aliy Zirkle,19,3/5 19:47:00,14,3/6 00:00:00,14,4h 13m,6h 53m,3/5 12:54:00,6.97,McGrath
Mats Pettersson,4,3/6 00:01:00,13,3/6 00:06:00,12,0h 5m,7h 21m,3/5 16:40:00,6.53,McGrath
Jessie Holmes,5,3/5 21:44:00,14,3/6 01:27:00,14,3h 43m,6h 30m,3/5 15:14:00,7.38,McGrath
Travis Beals,51,3/5 20:51:00,13,3/6 01:30:00,13,4h 39m,6h 42m,3/5 14:09:00,7.16,McGrath
Linwood Fiedler,15,3/6 01:28:00,13,3/6 01:30:00,13,0h 2m,7h 13m,3/5 18:15:00,6.65,McGrath
Aaron Burmeister,38,3/5 23:24:00,13,3/6 02:05:00,13,2h 41m,7h 25m,3/5 15:59:00,6.47,McGrath
Jeff King,23,3/6 03:25:00,14,3/6 03:27:00,14,0h 2m,7h 10m,3/5 20:15:00,6.70,McGrath
Jason Campeau,12,3/6 04:06:00,13,3/6 04:07:00,13,0h 1m,7h 32m,3/5 20:34:00,6.37,McGrath
Charley Bejna,31,3/6 04:10:00,13,3/6 04:20:00,13,0h 10m,7h 55m,3/5 20:15:00,6.06,McGrath
Michi Konno,43,3/6 03:20:00,13,3/6 04:33:00,13,1h 13m,7h 48m,3/5 19:32:00,6.15,McGrath
Martin Buser,21,3/6 02:39:00,14,3/6 06:35:00,12,3h 56m,7h 37m,3/5 19:02:00,6.30,McGrath
Ed Hopkins,33,3/6 05:27:00,13,3/6 07:35:00,13,2h 8m,7h 48m,3/5 21:39:00,6.15,McGrath
Kristy Berington,26,3/6 02:40:00,13,3/6 08:58:00,12,6h 18m,7h 34m,3/5 19:06:00,6.34,McGrath
Anna Berington,10,3/6 02:43:00,14,3/6 08:59:00,14,6h 16m,7h 38m,3/5 19:05:00,6.29,McGrath
Martin Apayauq Reitan,39,3/6 18:53:00,13,3/6 18:56:00,13,0h 3m,9h 51m,3/6 09:02:00,4.87,McGrath
Kristin Bacon,8,3/6 20:44:00,14,3/6 20:46:00,14,0h 2m,9h 22m,3/6 11:22:00,5.12,McGrath
Wade Marrs,36,3/5 23:22:00,12,3/6 23:56:00,12,24h 34m,7h 10m,3/5 16:12:00,6.70,McGrath
Aaron Peck,47,3/6 01:40:00,12,3/7 01:54:00,12,24h 14m,7h 24m,3/5 18:16:00,6.49,McGrath
Sarah Stokey,52,3/6 01:48:00,14,3/7 01:57:00,12,24h 9m,7h 23m,3/5 18:25:00,6.50,McGrath
Lev Shvarts,13,3/6 00:52:00,13,3/7 02:12:00,12,25h 20m,6h 47m,3/5 18:05:00,7.08,McGrath
Cindy Gallea,53,3/7 03:29:00,13,3/7 03:31:00,13,0h 2m,6h 42m,3/6 20:47:00,7.16,McGrath
Ramey Smyth,6,3/6 02:13:00,14,3/7 03:47:00,14,25h 34m,7h 52m,3/5 18:21:00,6.10,McGrath
Michael Baker,41,3/6 20:04:00,13,3/7 04:39:00,12,8h 35m,8h 19m,3/6 11:45:00,5.77,McGrath
Jeff Deeter,25,3/6 04:04:00,11,3/7 05:00:00,11,24h 56m,7h 40m,3/5 20:24:00,6.26,McGrath
Brett Bruggeman,35,3/6 04:28:00,14,3/7 05:04:00,14,24h 36m,8h 0m,3/5 20:28:00,6.00,McGrath
Seth Barnes,45,3/6 06:03:00,14,3/7 06:20:00,14,24h 17m,7h 23m,3/5 22:40:00,6.50,McGrath
Marcelle Fressineau,27,3/7 01:09:00,13,3/7 07:06:00,13,5h 57m,9h 54m,3/6 15:15:00,4.85,McGrath
Alison Lifka,37,3/7 02:49:00,13,3/7 07:06:00,13,4h 17m,6h 1m,3/6 20:48:00,7.98,McGrath
Richie Beattie,50,3/6 07:39:00,14,3/7 07:52:00,14,24h 13m,7h 20m,3/6 00:19:00,6.55,McGrath
Robert Redington,34,3/6 09:38:00,13,3/7 10:16:00,13,24h 38m,7h 31m,3/6 02:07:00,6.39,McGrath
Jessica Klejka,24,3/6 09:29:00,14,3/7 10:41:00,14,25h 12m,7h 15m,3/6 02:14:00,6.62,McGrath
Lance Mackey,44,3/6 11:15:00,13,3/7 11:33:00,13,24h 18m,7h 20m,3/6 03:55:00,6.55,McGrath
Sebastien Dos Santos Borges,46,3/6 14:25:00,14,3/7 14:44:00,12,24h 19m,9h 14m,3/6 05:11:00,5.20,McGrath
Emily Maxwell,18,3/6 12:40:00,12,3/7 15:30:00,10,26h 50m,8h 54m,3/6 03:46:00,5.39,McGrath
Niklas Wikstrand,42,3/6 17:04:00,14,3/7 17:26:00,14,24h 22m,7h 14m,3/6 09:50:00,6.64,McGrath
Blair Braverman,11,3/6 17:42:00,12,3/7 19:08:00,11,25h 26m,8h 23m,3/6 09:19:00,5.73,McGrath
Ryan Santiago,49,3/6 20:16:00,14,3/7 20:24:00,14,24h 8m,6h 31m,3/6 13:45:00,7.37,McGrath
Anja Radano,2,3/6 19:14:00,13,3/7 21:22:00,12,26h 8m,7h 49m,3/6 11:25:00,6.14,McGrath
Jeremy Keller,48,3/7 04:22:00,9,3/8 04:44:00,9,24h 22m,8h 9m,3/6 20:13:00,5.89,McGrath
Victoria Hardwick,30,3/7 04:07:00,14,3/8 04:53:00,14,24h 46m,7h 50m,3/6 20:17:00,6.13,McGrath
Cindy Abbott,16,3/7 03:25:00,14,3/8 05:23:00,14,25h 58m,7h 1m,3/6 20:24:00,6.84,McGrath
Nicolas Petit,20,3/5 22:04:00,14,3/5 22:05:00,14,0h 1m,2h 31m,3/5 19:33:00,7.15,Takotna
Aliy Zirkle,19,3/6 02:35:00,14,3/6 02:38:00,14,0h 3m,2h 35m,3/6 00:00:00,6.97,Takotna
Jessie Holmes,5,3/6 03:56:00,14,3/6 03:57:00,14,0h 1m,2h 29m,3/6 01:27:00,7.25,Takotna
Aaron Burmeister,38,3/6 05:01:00,13,3/6 05:08:00,13,0h 7m,2h 56m,3/6 02:05:00,6.14,Takotna
Martin Buser,21,3/6 09:08:00,12,3/6 09:09:00,12,0h 1m,2h 33m,3/6 06:35:00,7.06,Takotna
Anna Berington,10,3/6 11:40:00,14,3/6 11:47:00,14,0h 7m,2h 41m,3/6 08:59:00,6.71,Takotna
Kristy Berington,26,3/6 11:41:00,12,3/6 11:47:00,12,0h 6m,2h 43m,3/6 08:58:00,6.63,Takotna
Joar Leifseth Ulsom,28,3/5 19:08:00,13,3/6 19:58:00,13,24h 50m,2h 19m,3/5 16:49:00,7.77,Takotna
Jessie Royer,14,3/5 21:15:00,14,3/6 22:33:00,14,25h 18m,2h 31m,3/5 18:44:00,7.15,Takotna
Peter Kaiser,9,3/5 21:59:00,14,3/6 23:27:00,14,25h 28m,2h 35m,3/5 19:24:00,6.97,Takotna
Richie Diehl,29,3/5 23:18:00,14,3/7 00:06:00,14,24h 48m,2h 28m,3/5 20:50:00,7.30,Takotna
Ryan Redington,22,3/5 23:29:00,14,3/7 00:31:00,14,25h 2m,2h 46m,3/5 20:43:00,6.51,Takotna
Mitch Seavey,32,3/5 23:55:00,13,3/7 00:37:00,13,24h 42m,2h 27m,3/5 21:28:00,7.35,Takotna
Matt Hall,3,3/5 23:11:00,13,3/7 00:51:00,13,25h 40m,2h 48m,3/5 20:23:00,6.43,Takotna
Matthew Failor,17,3/6 00:12:00,13,3/7 01:24:00,13,25h 12m,2h 21m,3/5 21:51:00,7.66,Takotna
Wade Marrs,36,3/7 02:18:00,12,3/7 02:19:00,12,0h 1m,2h 22m,3/6 23:56:00,7.61,Takotna
Paige Drobny,40,3/6 02:10:00,13,3/7 02:36:00,13,24h 26m,2h 51m,3/5 23:19:00,6.32,Takotna
Travis Beals,51,3/6 04:01:00,13,3/7 04:05:00,13,24h 4m,2h 31m,3/6 01:30:00,7.15,Takotna
Sarah Stokey,52,3/7 04:18:00,12,3/7 04:21:00,12,0h 3m,2h 21m,3/7 01:57:00,7.66,Takotna
Aaron Peck,47,3/7 04:21:00,12,3/7 04:28:00,11,0h 7m,2h 27m,3/7 01:54:00,7.35,Takotna
Lev Shvarts,13,3/7 04:28:00,12,3/7 04:31:00,12,0h 3m,2h 16m,3/7 02:12:00,7.94,Takotna
Mats Pettersson,4,3/6 03:19:00,12,3/7 04:57:00,12,25h 38m,3h 13m,3/6 00:06:00,5.60,Takotna
Linwood Fiedler,15,3/6 04:16:00,13,3/7 05:32:00,13,25h 16m,2h 46m,3/6 01:30:00,6.51,Takotna
Ramey Smyth,6,3/7 06:22:00,14,3/7 06:25:00,14,0h 3m,2h 35m,3/7 03:47:00,6.97,Takotna
Jeff King,23,3/6 06:01:00,14,3/7 07:01:00,14,25h 0m,2h 34m,3/6 03:27:00,7.01,Takotna
Jeff Deeter,25,3/7 07:17:00,11,3/7 07:18:00,11,0h 1m,2h 17m,3/7 05:00:00,7.88,Takotna
Brett Bruggeman,35,3/7 07:27:00,14,3/7 07:30:00,13,0h 3m,2h 23m,3/7 05:04:00,7.55,Takotna
Michi Konno,43,3/6 07:27:00,13,3/7 07:47:00,13,24h 20m,2h 54m,3/6 04:33:00,6.21,Takotna
Charley Bejna,31,3/6 07:23:00,13,3/7 08:07:00,13,24h 44m,3h 3m,3/6 04:20:00,5.90,Takotna
Seth Barnes,45,3/7 08:31:00,14,3/7 08:31:00,14,0h 0m,2h 11m,3/7 06:20:00,8.24,Takotna
Jason Campeau,12,3/6 07:19:00,13,3/7 08:41:00,13,25h 22m,3h 12m,3/6 04:07:00,5.63,Takotna
Richie Beattie,50,3/7 10:04:00,14,3/7 10:12:00,14,0h 8m,2h 12m,3/7 07:52:00,8.18,Takotna
Ed Hopkins,33,3/6 10:39:00,13,3/7 11:19:00,13,24h 40m,3h 4m,3/6 07:35:00,5.87,Takotna
Marcelle Fressineau,27,3/7 10:19:00,13,3/7 11:20:00,13,1h 1m,3h 13m,3/7 07:06:00,5.60,Takotna
Robert Redington,34,3/7 12:46:00,13,3/7 12:48:00,12,0h 2m,2h 30m,3/7 10:16:00,7.20,Takotna
Jessica Klejka,24,3/7 13:06:00,14,3/7 13:16:00,14,0h 10m,2h 25m,3/7 10:41:00,7.45,Takotna
Lance Mackey,44,3/7 13:56:00,13,3/7 14:31:00,13,0h 35m,2h 23m,3/7 11:33:00,7.55,Takotna
Sebastien Dos Santos Borges,46,3/7 17:38:00,12,3/7 17:41:00,12,0h 3m,2h 54m,3/7 14:44:00,6.21,Takotna
Emily Maxwell,18,3/7 18:11:00,10,3/7 18:17:00,9,0h 6m,2h 41m,3/7 15:30:00,6.71,Takotna
Niklas Wikstrand,42,3/7 19:42:00,14,3/7 19:43:00,14,0h 1m,2h 16m,3/7 17:26:00,7.94,Takotna
Martin Apayauq Reitan,39,3/6 21:59:00,13,3/7 22:29:00,13,24h 30m,3h 3m,3/6 18:56:00,5.90,Takotna
Ryan Santiago,49,3/7 22:33:00,14,3/7 22:42:00,14,0h 9m,2h 9m,3/7 20:24:00,8.37,Takotna
Anja Radano,2,3/7 23:58:00,12,3/8 00:00:00,12,0h 2m,2h 36m,3/7 21:22:00,6.92,Takotna
Blair Braverman,11,3/7 21:58:00,11,3/8 00:16:00,11,2h 18m,2h 50m,3/7 19:08:00,6.35,Takotna
Kristin Bacon,8,3/6 23:49:00,14,3/8 01:22:00,14,25h 33m,3h 3m,3/6 20:46:00,5.90,Takotna
Michael Baker,41,3/7 07:10:00,12,3/8 07:34:00,12,24h 24m,2h 31m,3/7 04:39:00,7.15,Takotna
Victoria Hardwick,30,3/8 07:40:00,14,3/8 07:48:00,14,0h 8m,2h 47m,3/8 04:53:00,6.47,Takotna
Cindy Abbott,16,3/8 07:49:00,14,3/8 07:50:00,14,0h 1m,2h 26m,3/8 05:23:00,7.40,Takotna
Jeremy Keller,48,3/8 07:35:00,9,3/8 08:06:00,9,0h 31m,2h 51m,3/8 04:44:00,6.32,Takotna
Cindy Gallea,53,3/7 06:24:00,13,3/8 08:31:00,12,26h 7m,2h 53m,3/7 03:31:00,6.24,Takotna
Alison Lifka,37,3/7 10:18:00,13,3/8 10:51:00,13,24h 33m,3h 12m,3/7 07:06:00,5.63,Takotna
Aliy Zirkle,19,3/6 06:04:00,14,3/6 08:09:00,14,2h 5m,3h 26m,3/6 02:38:00,6.70,Ophir
Martin Buser,21,3/6 12:12:00,12,3/6 18:23:00,12,6h 11m,3h 3m,3/6 09:09:00,7.54,Ophir
Joar Leifseth Ulsom,28,3/6 22:50:00,13,3/6 23:00:00,12,0h 10m,2h 52m,3/6 19:58:00,8.02,Ophir
Jessie Royer,14,3/7 01:13:00,14,3/7 01:23:00,14,0h 10m,2h 40m,3/6 22:33:00,8.63,Ophir
Peter Kaiser,9,3/7 02:07:00,14,3/7 02:13:00,14,0h 6m,2h 40m,3/6 23:27:00,8.63,Ophir
Nicolas Petit,20,3/6 01:08:00,14,3/7 02:17:00,14,25h 9m,3h 3m,3/5 22:05:00,7.54,Ophir
Richie Diehl,29,3/7 02:44:00,14,3/7 02:46:00,14,0h 2m,2h 38m,3/7 00:06:00,8.73,Ophir
Ryan Redington,22,3/7 03:14:00,14,3/7 03:24:00,14,0h 10m,2h 43m,3/7 00:31:00,8.47,Ophir
Mitch Seavey,32,3/7 03:19:00,13,3/7 03:30:00,12,0h 11m,2h 42m,3/7 00:37:00,8.52,Ophir
Matthew Failor,17,3/7 04:07:00,13,3/7 04:12:00,13,0h 5m,2h 43m,3/7 01:24:00,8.47,Ophir
Wade Marrs,36,3/7 05:14:00,12,3/7 05:19:00,12,0h 5m,2h 55m,3/7 02:19:00,7.89,Ophir
Paige Drobny,40,3/7 05:15:00,13,3/7 05:22:00,13,0h 7m,2h 39m,3/7 02:36:00,8.68,Ophir
Matt Hall,3,3/7 03:48:00,13,3/7 05:48:00,13,2h 0m,2h 57m,3/7 00:51:00,7.80,Ophir
Travis Beals,51,3/7 06:40:00,13,3/7 06:47:00,13,0h 7m,2h 35m,3/7 04:05:00,8.90,Ophir
Sarah Stokey,52,3/7 07:11:00,12,3/7 07:18:00,12,0h 7m,2h 50m,3/7 04:21:00,8.12,Ophir
Mats Pettersson,4,3/7 07:37:00,12,3/7 07:41:00,12,0h 4m,2h 40m,3/7 04:57:00,8.63,Ophir
Linwood Fiedler,15,3/7 08:14:00,13,3/7 08:21:00,13,0h 7m,2h 42m,3/7 05:32:00,8.52,Ophir
Jessie Holmes,5,3/6 07:20:00,14,3/7 09:01:00,14,25h 41m,3h 23m,3/6 03:57:00,6.80,Ophir
Aaron Burmeister,38,3/6 08:48:00,13,3/7 09:18:00,12,24h 30m,3h 40m,3/6 05:08:00,6.27,Ophir
Lev Shvarts,13,3/7 07:15:00,12,3/7 09:25:00,11,2h 10m,2h 44m,3/7 04:31:00,8.41,Ophir
Ramey Smyth,6,3/7 09:26:00,14,3/7 09:37:00,13,0h 11m,3h 1m,3/7 06:25:00,7.62,Ophir
Aaron Peck,47,3/7 07:21:00,11,3/7 09:44:00,10,2h 23m,2h 53m,3/7 04:28:00,7.98,Ophir
Jeff King,23,3/7 09:27:00,14,3/7 09:50:00,14,0h 23m,2h 26m,3/7 07:01:00,9.45,Ophir
Brett Bruggeman,35,3/7 10:23:00,13,3/7 10:48:00,13,0h 25m,2h 53m,3/7 07:30:00,7.98,Ophir
Michi Konno,43,3/7 10:35:00,13,3/7 10:51:00,13,0h 16m,2h 48m,3/7 07:47:00,8.21,Ophir
Charley Bejna,31,3/7 10:52:00,13,3/7 11:02:00,12,0h 10m,2h 45m,3/7 08:07:00,8.36,Ophir
Seth Barnes,45,3/7 11:24:00,14,3/7 11:33:00,14,0h 9m,2h 53m,3/7 08:31:00,7.98,Ophir
Jason Campeau,12,3/7 11:29:00,13,3/7 11:38:00,12,0h 9m,2h 48m,3/7 08:41:00,8.21,Ophir
Jeff Deeter,25,3/7 10:06:00,11,3/7 14:10:00,10,4h 4m,2h 48m,3/7 07:18:00,8.21,Ophir
Ed Hopkins,33,3/7 14:15:00,13,3/7 14:25:00,13,0h 10m,2h 56m,3/7 11:19:00,7.84,Ophir
Anna Berington,10,3/6 15:42:00,14,3/7 17:08:00,13,25h 26m,3h 55m,3/6 11:47:00,5.87,Ophir
Kristy Berington,26,3/6 15:43:00,12,3/7 17:08:00,12,25h 25m,3h 56m,3/6 11:47:00,5.85,Ophir
Richie Beattie,50,3/7 13:04:00,14,3/7 17:27:00,13,4h 23m,2h 52m,3/7 10:12:00,8.02,Ophir
Robert Redington,34,3/7 15:52:00,12,3/7 20:13:00,12,4h 21m,3h 4m,3/7 12:48:00,7.50,Ophir
Lance Mackey,44,3/7 17:16:00,13,3/7 20:33:00,13,3h 17m,2h 45m,3/7 14:31:00,8.36,Ophir
Jessica Klejka,24,3/7 16:02:00,14,3/7 21:59:00,13,5h 57m,2h 46m,3/7 13:16:00,8.31,Ophir
Marcelle Fressineau,27,3/7 15:34:00,13,3/7 22:53:00,11,7h 19m,4h 14m,3/7 11:20:00,5.43,Ophir
Sebastien Dos Santos Borges,46,3/7 20:52:00,12,3/8 01:31:00,12,4h 39m,3h 11m,3/7 17:41:00,7.23,Ophir
Martin Apayauq Reitan,39,3/8 01:30:00,13,3/8 01:37:00,13,0h 7m,3h 1m,3/7 22:29:00,7.62,Ophir
Emily Maxwell,18,3/7 21:30:00,9,3/8 03:55:00,9,6h 25m,3h 13m,3/7 18:17:00,7.15,Ophir
Niklas Wikstrand,42,3/7 22:27:00,14,3/8 04:36:00,14,6h 9m,2h 44m,3/7 19:43:00,8.41,Ophir
Ryan Santiago,49,3/8 01:15:00,14,3/8 07:22:00,14,6h 7m,2h 33m,3/7 22:42:00,9.02,Ophir
Blair Braverman,11,3/8 03:22:00,11,3/8 07:42:00,11,4h 20m,3h 6m,3/8 00:16:00,7.42,Ophir
Anja Radano,2,3/8 03:05:00,12,3/8 09:40:00,11,6h 35m,3h 5m,3/8 00:00:00,7.46,Ophir
Kristin Bacon,8,3/8 05:03:00,14,3/8 09:42:00,14,4h 39m,3h 41m,3/8 01:22:00,6.24,Ophir
Michael Baker,41,3/8 10:34:00,12,3/8 15:43:00,11,5h 9m,3h 0m,3/8 07:34:00,7.67,Ophir
Alison Lifka,37,3/8 13:55:00,13,3/8 16:12:00,13,2h 17m,3h 4m,3/8 10:51:00,7.50,Ophir
Cindy Gallea,53,3/8 11:32:00,12,3/8 16:42:00,12,5h 10m,3h 1m,3/8 08:31:00,7.62,Ophir
Victoria Hardwick,30,3/8 11:31:00,14,3/8 18:33:00,14,7h 2m,3h 43m,3/8 07:48:00,6.19,Ophir
Cindy Abbott,16,3/8 10:54:00,14,3/8 18:50:00,14,7h 56m,3h 4m,3/8 07:50:00,7.50,Ophir
Jeremy Keller,48,3/8 11:51:00,9,3/8 18:57:00,9,7h 6m,3h 45m,3/8 08:06:00,6.13,Ophir
Nicolas Petit,20,3/7 12:13:00,14,3/7 12:22:00,14,0h 9m,9h 56m,3/7 02:17:00,8.05,Iditarod
Joar Leifseth Ulsom,28,3/7 12:37:00,12,3/7 16:52:00,11,4h 15m,13h 37m,3/6 23:00:00,5.88,Iditarod
Jessie Royer,14,3/7 15:45:00,14,3/7 20:04:00,14,4h 19m,14h 22m,3/7 01:23:00,5.57,Iditarod
Peter Kaiser,9,3/7 16:48:00,14,3/7 21:40:00,12,4h 52m,14h 35m,3/7 02:13:00,5.49,Iditarod
Ryan Redington,22,3/7 17:51:00,14,3/7 21:41:00,13,3h 50m,14h 27m,3/7 03:24:00,5.54,Iditarod
Mitch Seavey,32,3/7 17:40:00,12,3/7 21:44:00,11,4h 4m,14h 10m,3/7 03:30:00,5.65,Iditarod
Richie Diehl,29,3/7 16:51:00,14,3/7 21:49:00,14,4h 58m,14h 5m,3/7 02:46:00,5.68,Iditarod
Matthew Failor,17,3/7 19:12:00,13,3/8 00:18:00,12,5h 6m,15h 0m,3/7 04:12:00,5.33,Iditarod
Paige Drobny,40,3/7 19:38:00,13,3/8 00:28:00,13,4h 50m,14h 16m,3/7 05:22:00,5.61,Iditarod
Matt Hall,3,3/7 20:50:00,13,3/8 00:52:00,12,4h 2m,15h 2m,3/7 05:48:00,5.32,Iditarod
Jessie Holmes,5,3/7 18:56:00,14,3/8 01:12:00,14,6h 16m,9h 55m,3/7 09:01:00,8.07,Iditarod
Mats Pettersson,4,3/7 21:46:00,12,3/8 02:16:00,12,4h 30m,14h 5m,3/7 07:41:00,5.68,Iditarod
Aliy Zirkle,19,3/7 01:38:00,14,3/8 02:46:00,14,25h 8m,17h 29m,3/6 08:09:00,4.58,Iditarod
Travis Beals,51,3/7 21:21:00,13,3/8 03:40:00,12,6h 19m,14h 34m,3/7 06:47:00,5.49,Iditarod
Aaron Burmeister,38,3/7 23:20:00,12,3/8 04:05:00,12,4h 45m,14h 2m,3/7 09:18:00,5.70,Iditarod
Linwood Fiedler,15,3/7 22:56:00,13,3/8 05:03:00,12,6h 7m,14h 35m,3/7 08:21:00,5.49,Iditarod
Aaron Peck,47,3/8 06:05:00,10,3/8 06:12:00,10,0h 7m,20h 21m,3/7 09:44:00,3.93,Iditarod
Lev Shvarts,13,3/8 01:47:00,11,3/8 07:17:00,11,5h 30m,16h 22m,3/7 09:25:00,4.89,Iditarod
Jason Campeau,12,3/8 03:28:00,12,3/8 07:43:00,11,4h 15m,15h 50m,3/7 11:38:00,5.05,Iditarod
Ramey Smyth,6,3/8 02:38:00,13,3/8 07:52:00,12,5h 14m,17h 1m,3/7 09:37:00,4.70,Iditarod
Michi Konno,43,3/8 02:58:00,13,3/8 08:06:00,12,5h 8m,16h 7m,3/7 10:51:00,4.96,Iditarod
Brett Bruggeman,35,3/8 03:19:00,13,3/8 09:15:00,12,5h 56m,16h 31m,3/7 10:48:00,4.84,Iditarod
Sarah Stokey,52,3/8 01:35:00,12,3/8 09:38:00,12,8h 3m,18h 17m,3/7 07:18:00,4.38,Iditarod
Jeff King,23,3/8 01:01:00,14,3/8 10:03:00,14,9h 2m,15h 11m,3/7 09:50:00,5.27,Iditarod
Charley Bejna,31,3/8 04:01:00,12,3/8 10:20:00,11,6h 19m,16h 59m,3/7 11:02:00,4.71,Iditarod
Wade Marrs,36,3/7 22:47:00,12,3/8 10:58:00,11,12h 11m,17h 28m,3/7 05:19:00,4.58,Iditarod
Seth Barnes,45,3/8 07:31:00,14,3/8 10:58:00,14,3h 27m,19h 58m,3/7 11:33:00,4.01,Iditarod
Anna Berington,10,3/8 07:08:00,13,3/8 12:06:00,13,4h 58m,14h 0m,3/7 17:08:00,5.71,Iditarod
Kristy Berington,26,3/8 07:09:00,12,3/8 12:07:00,12,4h 58m,14h 1m,3/7 17:08:00,5.71,Iditarod
Jeff Deeter,25,3/8 05:45:00,10,3/8 12:22:00,10,6h 37m,15h 35m,3/7 14:10:00,5.13,Iditarod
Martin Buser,21,3/7 13:46:00,12,3/8 14:50:00,12,25h 4m,19h 23m,3/6 18:23:00,4.13,Iditarod
Richie Beattie,50,3/8 09:38:00,13,3/8 15:02:00,13,5h 24m,16h 11m,3/7 17:27:00,4.94,Iditarod
Ed Hopkins,33,3/8 10:41:00,13,3/8 15:07:00,13,4h 26m,20h 16m,3/7 14:25:00,3.95,Iditarod
Lance Mackey,44,3/8 08:19:00,13,3/8 16:57:00,13,8h 38m,11h 46m,3/7 20:33:00,6.80,Iditarod
Robert Redington,34,3/8 09:57:00,12,3/8 18:07:00,11,8h 10m,13h 44m,3/7 20:13:00,5.83,Iditarod
Jessica Klejka,24,3/8 15:01:00,13,3/8 23:00:00,12,7h 59m,17h 2m,3/7 21:59:00,4.70,Iditarod
Niklas Wikstrand,42,3/8 20:31:00,14,3/9 04:28:00,14,7h 57m,15h 55m,3/8 04:36:00,5.03,Iditarod
Sebastien Dos Santos Borges,46,3/8 19:29:00,12,3/9 04:44:00,12,9h 15m,17h 58m,3/8 01:31:00,4.45,Iditarod
Martin Apayauq Reitan,39,3/8 17:22:00,13,3/9 04:58:00,13,11h 36m,15h 45m,3/8 01:37:00,5.08,Iditarod
Ryan Santiago,49,3/8 23:41:00,14,3/9 07:08:00,14,7h 27m,16h 19m,3/8 07:22:00,4.90,Iditarod
Blair Braverman,11,3/9 02:28:00,11,3/9 10:30:00,11,8h 2m,18h 46m,3/8 07:42:00,4.26,Iditarod
Kristin Bacon,8,3/9 06:23:00,14,3/9 13:33:00,14,7h 10m,20h 41m,3/8 09:42:00,3.87,Iditarod
Anja Radano,2,3/9 03:11:00,11,3/9 13:39:00,11,10h 28m,17h 31m,3/8 09:40:00,4.57,Iditarod
Michael Baker,41,3/9 09:27:00,11,3/9 17:32:00,10,8h 5m,17h 44m,3/8 15:43:00,4.51,Iditarod
Alison Lifka,37,3/9 10:06:00,13,3/9 18:30:00,13,8h 24m,17h 54m,3/8 16:12:00,4.47,Iditarod
Victoria Hardwick,30,3/9 14:47:00,14,3/9 23:22:00,14,8h 35m,20h 14m,3/8 18:33:00,3.95,Iditarod
Jeremy Keller,48,3/9 14:47:00,9,3/10 00:01:00,9,9h 14m,19h 50m,3/8 18:57:00,4.03,Iditarod
Cindy Gallea,53,3/9 12:40:00,12,3/10 00:02:00,12,11h 22m,19h 58m,3/8 16:42:00,4.01,Iditarod
Emily Maxwell,18,3/9 12:00:00,9,,,,32h 5m,3/8 03:55:00,2.49,Iditarod
Marcelle Fressineau,27,3/9 12:03:00,11,,,,37h 10m,3/7 22:53:00,2.15,Iditarod
Cindy Abbott,16,3/9 15:04:00,14,,,,20h 14m,3/8 18:50:00,3.95,Iditarod
Nicolas Petit,20,3/8 00:50:00,14,3/8 00:53:00,14,0h 3m,12h 28m,3/7 12:22:00,4.41,Shageluk
Jessie Royer,14,3/8 04:08:00,14,3/8 08:04:00,13,3h 56m,8h 4m,3/7 20:04:00,6.82,Shageluk
Joar Leifseth Ulsom,28,3/8 00:14:00,11,3/8 08:15:00,11,8h 1m,7h 22m,3/7 16:52:00,7.47,Shageluk
Peter Kaiser,9,3/8 04:58:00,12,3/8 08:55:00,12,3h 57m,7h 18m,3/7 21:40:00,7.53,Shageluk
Mitch Seavey,32,3/8 05:02:00,11,3/8 09:04:00,11,4h 2m,7h 18m,3/7 21:44:00,7.53,Shageluk
Aliy Zirkle,19,3/8 09:57:00,14,3/8 12:23:00,14,2h 26m,7h 11m,3/8 02:46:00,7.66,Shageluk
Richie Diehl,29,3/8 05:28:00,14,3/8 13:31:00,14,8h 3m,7h 39m,3/7 21:49:00,7.19,Shageluk
Ryan Redington,22,3/8 06:28:00,13,3/8 14:28:00,13,8h 0m,8h 47m,3/7 21:41:00,6.26,Shageluk
Matthew Failor,17,3/8 07:56:00,12,3/8 15:56:00,12,8h 0m,7h 38m,3/8 00:18:00,7.21,Shageluk
Paige Drobny,40,3/8 08:20:00,13,3/8 16:20:00,12,8h 0m,7h 52m,3/8 00:28:00,6.99,Shageluk
Aaron Burmeister,38,3/8 12:23:00,12,3/8 16:20:00,11,3h 57m,8h 18m,3/8 04:05:00,6.63,Shageluk
Matt Hall,3,3/8 09:13:00,12,3/8 17:13:00,11,8h 0m,8h 21m,3/8 00:52:00,6.59,Shageluk
Jessie Holmes,5,3/8 09:26:00,14,3/8 17:26:00,13,8h 0m,8h 14m,3/8 01:12:00,6.68,Shageluk
Jeff King,23,3/8 18:12:00,14,3/8 18:13:00,14,0h 1m,8h 9m,3/8 10:03:00,6.75,Shageluk
Mats Pettersson,4,3/8 10:30:00,12,3/8 18:30:00,11,8h 0m,8h 14m,3/8 02:16:00,6.68,Shageluk
Ramey Smyth,6,3/8 18:40:00,12,3/8 18:43:00,12,0h 3m,10h 48m,3/8 07:52:00,5.09,Shageluk
Travis Beals,51,3/8 11:00:00,12,3/8 19:00:00,11,8h 0m,7h 20m,3/8 03:40:00,7.50,Shageluk
Aaron Peck,47,3/8 18:57:00,10,3/8 19:02:00,9,0h 5m,12h 45m,3/8 06:12:00,4.31,Shageluk
Linwood Fiedler,15,3/8 13:11:00,12,3/8 21:11:00,12,8h 0m,8h 8m,3/8 05:03:00,6.76,Shageluk
Lev Shvarts,13,3/8 14:56:00,11,3/8 23:48:00,11,8h 52m,7h 39m,3/8 07:17:00,7.19,Shageluk
Kristy Berington,26,3/8 19:14:00,12,3/9 00:18:00,12,5h 4m,7h 7m,3/8 12:07:00,7.73,Shageluk
Anna Berington,10,3/8 19:14:00,13,3/9 00:18:00,13,5h 4m,7h 8m,3/8 12:06:00,7.71,Shageluk
Jason Campeau,12,3/8 16:23:00,11,3/9 00:25:00,11,8h 2m,8h 40m,3/8 07:43:00,6.35,Shageluk
Lance Mackey,44,3/9 00:13:00,13,3/9 00:29:00,12,0h 16m,7h 16m,3/8 16:57:00,7.57,Shageluk
Michi Konno,43,3/8 16:22:00,12,3/9 00:30:00,12,8h 8m,8h 16m,3/8 08:06:00,6.65,Shageluk
Wade Marrs,36,3/8 20:58:00,11,3/9 01:01:00,11,4h 3m,10h 0m,3/8 10:58:00,5.50,Shageluk
Seth Barnes,45,3/8 21:12:00,14,3/9 01:08:00,13,3h 56m,10h 14m,3/8 10:58:00,5.37,Shageluk
Brett Bruggeman,35,3/8 17:09:00,12,3/9 01:09:00,12,8h 0m,7h 54m,3/8 09:15:00,6.96,Shageluk
Sarah Stokey,52,3/8 20:43:00,12,3/9 01:22:00,12,4h 39m,11h 5m,3/8 09:38:00,4.96,Shageluk
Charley Bejna,31,3/8 18:22:00,11,3/9 02:22:00,11,8h 0m,8h 2m,3/8 10:20:00,6.85,Shageluk
Jeff Deeter,25,3/8 19:30:00,10,3/9 03:35:00,10,8h 5m,7h 8m,3/8 12:22:00,7.71,Shageluk
Robert Redington,34,3/9 01:23:00,11,3/9 05:45:00,11,4h 22m,7h 16m,3/8 18:07:00,7.57,Shageluk
Martin Buser,21,3/8 21:32:00,12,3/9 06:03:00,12,8h 31m,6h 42m,3/8 14:50:00,8.21,Shageluk
Richie Beattie,50,3/8 22:16:00,13,3/9 06:18:00,13,8h 2m,7h 14m,3/8 15:02:00,7.60,Shageluk
Ed Hopkins,33,3/9 00:19:00,13,3/9 08:32:00,13,8h 13m,9h 12m,3/8 15:07:00,5.98,Shageluk
Jessica Klejka,24,3/9 07:28:00,12,3/9 15:28:00,12,8h 0m,8h 28m,3/8 23:00:00,6.50,Shageluk
Martin Apayauq Reitan,39,3/9 11:15:00,13,3/9 16:40:00,13,5h 25m,6h 17m,3/9 04:58:00,8.75,Shageluk
Niklas Wikstrand,42,3/9 11:11:00,14,3/9 17:48:00,14,6h 37m,6h 43m,3/9 04:28:00,8.19,Shageluk
Sebastien Dos Santos Borges,46,3/9 12:23:00,12,3/9 20:24:00,12,8h 1m,7h 39m,3/9 04:44:00,7.19,Shageluk
Ryan Santiago,49,3/9 13:39:00,14,3/9 21:39:00,14,8h 0m,6h 31m,3/9 07:08:00,8.44,Shageluk
Blair Braverman,11,3/9 18:48:00,11,3/10 04:02:00 *,11,8h 14m,8h 18m,3/9 10:30:00,6.63,Shageluk
Anja Radano,2,3/10 01:47:00,11,3/10 07:27:00 *,11,4h 40m,12h 8m,3/9 13:39:00,4.53,Shageluk
Kristin Bacon,8,3/10 01:50:00,14,3/10 07:30:00 *,14,4h 40m,12h 17m,3/9 13:33:00,4.48,Shageluk
Michael Baker,41,3/10 00:47:00,10,3/10 10:11:00 *,10,8h 24m,7h 15m,3/9 17:32:00,7.59,Shageluk
Alison Lifka,37,3/10 05:12:00 *,13,3/10 11:11:00,13,5h 59m,9h 42m,3/9 18:30:00,5.67,Shageluk
Jeremy Keller,48,3/10 09:27:00 *,9,3/10 17:51:00,8,8h 24m,8h 26m,3/10 00:01:00,6.52,Shageluk
Victoria Hardwick,30,3/10 09:29:00 *,14,3/10 17:52:00,14,8h 23m,9h 7m,3/9 23:22:00,6.03,Shageluk
Cindy Gallea,53,3/10 09:29:00 *,12,3/10 17:59:00,12,8h 30m,8h 27m,3/10 00:02:00,6.51,Shageluk
Nicolas Petit,20,3/8 04:23:00,14,3/8 08:58:00,12,4h 35m,3h 30m,3/8 00:53:00,7.14,Anvik
Joar Leifseth Ulsom,28,3/8 11:27:00,11,3/8 11:28:00,11,0h 1m,3h 12m,3/8 08:15:00,7.81,Anvik
Jessie Royer,14,3/8 11:38:00,13,3/8 11:40:00,13,0h 2m,3h 34m,3/8 08:04:00,7.01,Anvik
Peter Kaiser,9,3/8 12:18:00,12,3/8 12:20:00,12,0h 2m,3h 23m,3/8 08:55:00,7.39,Anvik
Mitch Seavey,32,3/8 12:35:00,11,3/8 12:38:00,11,0h 3m,3h 31m,3/8 09:04:00,7.11,Anvik
Aliy Zirkle,19,3/8 15:44:00,14,3/8 15:47:00,14,0h 3m,3h 21m,3/8 12:23:00,7.46,Anvik
Richie Diehl,29,3/8 16:45:00,14,3/8 16:48:00,13,0h 3m,3h 14m,3/8 13:31:00,7.73,Anvik
Ryan Redington,22,3/8 17:44:00,13,3/8 17:49:00,13,0h 5m,3h 16m,3/8 14:28:00,7.65,Anvik
Matthew Failor,17,3/8 19:12:00,12,3/8 19:14:00,12,0h 2m,3h 16m,3/8 15:56:00,7.65,Anvik
Paige Drobny,40,3/8 19:36:00,12,3/8 19:40:00,12,0h 4m,3h 16m,3/8 16:20:00,7.65,Anvik
Aaron Burmeister,38,3/8 19:52:00,11,3/8 19:56:00,11,0h 4m,3h 32m,3/8 16:20:00,7.08,Anvik
Jessie Holmes,5,3/8 20:13:00,13,3/8 20:15:00,13,0h 2m,2h 47m,3/8 17:26:00,8.98,Anvik
Matt Hall,3,3/8 20:24:00,11,3/8 20:25:00,11,0h 1m,3h 11m,3/8 17:13:00,7.85,Anvik
Mats Pettersson,4,3/8 21:41:00,11,3/8 21:48:00,11,0h 7m,3h 11m,3/8 18:30:00,7.85,Anvik
Ramey Smyth,6,3/8 22:20:00,12,3/8 22:25:00,12,0h 5m,3h 37m,3/8 18:43:00,6.91,Anvik
Travis Beals,51,3/8 22:05:00,11,3/8 22:33:00,11,0h 28m,3h 5m,3/8 19:00:00,8.11,Anvik
Linwood Fiedler,15,3/9 00:40:00,12,3/9 00:42:00,12,0h 2m,3h 29m,3/8 21:11:00,7.18,Anvik
Lev Shvarts,13,3/9 02:58:00,11,3/9 02:59:00,11,0h 1m,3h 10m,3/8 23:48:00,7.89,Anvik
Jason Campeau,12,3/9 03:41:00,11,3/9 03:43:00,11,0h 2m,3h 16m,3/9 00:25:00,7.65,Anvik
Kristy Berington,26,3/9 03:52:00,12,3/9 03:54:00,12,0h 2m,3h 34m,3/9 00:18:00,7.01,Anvik
Anna Berington,10,3/9 03:52:00,13,3/9 03:55:00,13,0h 3m,3h 34m,3/9 00:18:00,7.01,Anvik
Michi Konno,43,3/9 03:51:00,12,3/9 04:01:00,11,0h 10m,3h 21m,3/9 00:30:00,7.46,Anvik
Lance Mackey,44,3/9 03:55:00,12,3/9 04:09:00,12,0h 14m,3h 26m,3/9 00:29:00,7.28,Anvik
Wade Marrs,36,3/9 04:12:00,11,3/9 04:14:00,11,0h 2m,3h 11m,3/9 01:01:00,7.85,Anvik
Seth Barnes,45,3/9 04:15:00,13,3/9 04:18:00,12,0h 3m,3h 7m,3/9 01:08:00,8.02,Anvik
Brett Bruggeman,35,3/9 04:18:00,12,3/9 04:19:00,12,0h 1m,3h 9m,3/9 01:09:00,7.94,Anvik
Sarah Stokey,52,3/9 04:41:00,12,3/9 04:41:00,12,0h 0m,3h 19m,3/9 01:22:00,7.54,Anvik
Charley Bejna,31,3/9 05:52:00,11,3/9 06:00:00,10,0h 8m,3h 30m,3/9 02:22:00,7.14,Anvik
Jeff King,23,3/8 21:40:00,14,3/9 06:35:00,13,8h 55m,3h 27m,3/8 18:13:00,7.25,Anvik
Jeff Deeter,25,3/9 06:47:00,10,3/9 06:48:00,10,0h 1m,3h 12m,3/9 03:35:00,7.81,Anvik
Aaron Peck,47,3/8 22:45:00,9,3/9 06:49:00,9,8h 4m,3h 43m,3/8 19:02:00,6.73,Anvik
Robert Redington,34,3/9 08:59:00,11,3/9 09:05:00,9,0h 6m,3h 14m,3/9 05:45:00,7.73,Anvik
Martin Buser,21,3/9 09:06:00,12,3/9 09:08:00,12,0h 2m,3h 3m,3/9 06:03:00,8.20,Anvik
Richie Beattie,50,3/9 09:22:00,13,3/9 09:27:00,13,0h 5m,3h 4m,3/9 06:18:00,8.15,Anvik
Ed Hopkins,33,3/9 12:01:00,13,3/9 12:15:00,13,0h 14m,3h 29m,3/9 08:32:00,7.18,Anvik
Jessica Klejka,24,3/9 18:42:00,12,3/9 19:00:00,12,0h 18m,3h 14m,3/9 15:28:00,7.73,Anvik
Martin Apayauq Reitan,39,3/9 20:14:00,13,3/9 20:17:00,13,0h 3m,3h 34m,3/9 16:40:00,7.01,Anvik
Niklas Wikstrand,42,3/9 20:44:00,14,3/9 20:46:00,14,0h 2m,2h 56m,3/9 17:48:00,8.52,Anvik
Sebastien Dos Santos Borges,46,3/9 23:50:00,12,3/9 23:52:00,12,0h 2m,3h 26m,3/9 20:24:00,7.28,Anvik
Ryan Santiago,49,3/10 00:32:00,14,3/10 00:47:00,14,0h 15m,2h 53m,3/9 21:39:00,8.67,Anvik
Blair Braverman,11,3/10 07:37:00,11,3/10 07:42:00,11,0h 5m,3h 35m,3/10 04:02:00,6.98,Anvik
Kristin Bacon,8,3/10 11:35:00,14,3/10 11:57:00,14,0h 22m,4h 5m,3/10 07:30:00,6.12,Anvik
Anja Radano,2,3/10 11:36:00,11,3/10 11:58:00,11,0h 22m,4h 9m,3/10 07:27:00,6.02,Anvik
Michael Baker,41,3/10 13:36:00,10,3/10 13:46:00,10,0h 10m,3h 25m,3/10 10:11:00,7.32,Anvik
Alison Lifka,37,3/10 14:36:00,13,3/10 14:40:00,13,0h 4m,3h 25m,3/10 11:11:00,7.32,Anvik
Cindy Gallea,53,3/10 21:50:00,12,3/10 22:04:00,12,0h 14m,3h 51m,3/10 17:59:00,6.49,Anvik
Victoria Hardwick,30,3/10 22:05:00,14,3/10 22:11:00,14,0h 6m,4h 13m,3/10 17:52:00,5.93,Anvik
Jeremy Keller,48,3/10 22:12:00,8,3/10 22:20:00,8,0h 8m,4h 21m,3/10 17:51:00,5.75,Anvik
Joar Leifseth Ulsom,28,3/8 13:43:00,11,3/8 18:47:00,11,5h 4m,2h 15m,3/8 11:28:00,8.00,Grayling
Nicolas Petit,20,3/8 11:48:00,12,3/8 19:50:00,11,8h 2m,2h 50m,3/8 08:58:00,6.35,Grayling
Peter Kaiser,9,3/8 14:43:00,12,3/8 20:04:00,11,5h 21m,2h 23m,3/8 12:20:00,7.55,Grayling
Jessie Royer,14,3/8 14:06:00,13,3/8 22:06:00,13,8h 0m,2h 26m,3/8 11:40:00,7.40,Grayling
Mitch Seavey,32,3/8 15:03:00,11,3/8 23:03:00,11,8h 0m,2h 25m,3/8 12:38:00,7.45,Grayling
Richie Diehl,29,3/8 19:15:00,13,3/8 23:28:00,13,4h 13m,2h 27m,3/8 16:48:00,7.35,Grayling
Aliy Zirkle,19,3/8 18:20:00,14,3/8 23:35:00,14,5h 15m,2h 33m,3/8 15:47:00,7.06,Grayling
Ryan Redington,22,3/8 20:10:00,13,3/9 00:24:00,13,4h 14m,2h 21m,3/8 17:49:00,7.66,Grayling
Matthew Failor,17,3/8 21:22:00,12,3/9 02:13:00,12,4h 51m,2h 8m,3/8 19:14:00,8.44,Grayling
Paige Drobny,40,3/8 21:59:00,12,3/9 02:25:00,12,4h 26m,2h 19m,3/8 19:40:00,7.77,Grayling
Matt Hall,3,3/8 22:42:00,11,3/9 02:45:00,11,4h 3m,2h 17m,3/8 20:25:00,7.88,Grayling
Aaron Burmeister,38,3/8 22:33:00,11,3/9 02:54:00,11,4h 21m,2h 37m,3/8 19:56:00,6.88,Grayling
Jessie Holmes,5,3/8 22:20:00,13,3/9 02:55:00,13,4h 35m,2h 5m,3/8 20:15:00,8.64,Grayling
Mats Pettersson,4,3/9 00:13:00,11,3/9 05:20:00,11,5h 7m,2h 25m,3/8 21:48:00,7.45,Grayling
Lev Shvarts,13,3/9 05:26:00,11,3/9 05:26:00,11,0h 0m,2h 27m,3/9 02:59:00,7.35,Grayling
Travis Beals,51,3/9 00:50:00,11,3/9 05:56:00,11,5h 6m,2h 17m,3/8 22:33:00,7.88,Grayling
Ramey Smyth,6,3/9 00:58:00,12,3/9 06:09:00,12,5h 11m,2h 33m,3/8 22:25:00,7.06,Grayling
Jason Campeau,12,3/9 06:19:00,11,3/9 06:24:00,11,0h 5m,2h 36m,3/9 03:43:00,6.92,Grayling
Linwood Fiedler,15,3/9 03:13:00,12,3/9 07:37:00,12,4h 24m,2h 31m,3/9 00:42:00,7.15,Grayling
Jeff King,23,3/9 08:48:00,13,3/9 09:08:00,13,0h 20m,2h 13m,3/9 06:35:00,8.12,Grayling
Aaron Peck,47,3/9 09:17:00,9,3/9 09:35:00,7,0h 18m,2h 28m,3/9 06:49:00,7.30,Grayling
Wade Marrs,36,3/9 06:27:00,11,3/9 10:48:00,11,4h 21m,2h 13m,3/9 04:14:00,8.12,Grayling
Anna Berington,10,3/9 06:29:00,13,3/9 11:29:00,12,5h 0m,2h 34m,3/9 03:55:00,7.01,Grayling
Kristy Berington,26,3/9 06:28:00,12,3/9 11:30:00,12,5h 2m,2h 34m,3/9 03:54:00,7.01,Grayling
Michi Konno,43,3/9 06:37:00,11,3/9 11:50:00,11,5h 13m,2h 36m,3/9 04:01:00,6.92,Grayling
Brett Bruggeman,35,3/9 06:45:00,12,3/9 12:45:00,12,6h 0m,2h 26m,3/9 04:19:00,7.40,Grayling
Seth Barnes,45,3/9 06:49:00,12,3/9 12:45:00,11,5h 56m,2h 31m,3/9 04:18:00,7.15,Grayling
Charley Bejna,31,3/9 08:30:00,10,3/9 14:25:00,10,5h 55m,2h 30m,3/9 06:00:00,7.20,Grayling
Lance Mackey,44,3/9 06:44:00,12,3/9 14:50:00,12,8h 6m,2h 35m,3/9 04:09:00,6.97,Grayling
Sarah Stokey,52,3/9 07:05:00,12,3/9 15:05:00,12,8h 0m,2h 24m,3/9 04:41:00,7.50,Grayling
Jeff Deeter,25,3/9 09:13:00,10,3/9 15:51:00,9,6h 38m,2h 25m,3/9 06:48:00,7.45,Grayling
Robert Redington,34,3/9 11:30:00,9,3/9 16:00:00,9,4h 30m,2h 25m,3/9 09:05:00,7.45,Grayling
Martin Buser,21,3/9 11:24:00,12,3/9 16:21:00,12,4h 57m,2h 16m,3/9 09:08:00,7.94,Grayling
Richie Beattie,50,3/9 11:51:00,13,3/9 17:03:00,13,5h 12m,2h 24m,3/9 09:27:00,7.50,Grayling
Ed Hopkins,33,3/9 14:44:00,13,3/9 19:16:00,13,4h 32m,2h 29m,3/9 12:15:00,7.25,Grayling
Jessica Klejka,24,3/9 21:12:00,12,3/10 04:36:00 *,11,6h 24m,2h 12m,3/9 19:00:00,8.18,Grayling
Martin Apayauq Reitan,39,3/9 22:51:00,13,3/10 05:20:00 *,13,5h 29m,2h 34m,3/9 20:17:00,7.01,Grayling
Niklas Wikstrand,42,3/9 23:04:00,14,3/10 09:05:00 *,14,9h 1m,2h 18m,3/9 20:46:00,7.83,Grayling
Ryan Santiago,49,3/10 04:11:00 *,14,3/10 11:08:00,14,6h 57m,2h 24m,3/10 00:47:00,7.50,Grayling
Sebastien Dos Santos Borges,46,3/10 03:27:00 *,12,3/10 11:43:00,12,8h 16m,2h 35m,3/9 23:52:00,6.97,Grayling
Blair Braverman,11,3/10 10:14:00,11,3/10 16:34:00,11,6h 20m,2h 32m,3/10 07:42:00,7.11,Grayling
Kristin Bacon,8,3/10 14:30:00,14,3/10 23:20:00,13,8h 50m,2h 33m,3/10 11:57:00,7.06,Grayling
Anja Radano,2,3/10 14:30:00,11,3/10 23:22:00,11,8h 52m,2h 32m,3/10 11:58:00,7.11,Grayling
Alison Lifka,37,3/10 17:18:00,13,3/11 02:24:00,13,9h 6m,2h 38m,3/10 14:40:00,6.84,Grayling
Michael Baker,41,3/10 16:20:00,10,3/11 02:29:00,9,10h 9m,2h 34m,3/10 13:46:00,7.01,Grayling
Jeremy Keller,48,3/11 01:42:00,8,3/11 07:56:00,8,6h 14m,3h 22m,3/10 22:20:00,5.35,Grayling
Victoria Hardwick,30,3/11 01:35:00,14,3/11 08:50:00,14,7h 15m,3h 24m,3/10 22:11:00,5.29,Grayling
Cindy Gallea,53,3/11 01:24:00,12,3/11 09:34:00,12,8h 10m,3h 20m,3/10 22:04:00,5.40,Grayling
Nicolas Petit,20,3/9 02:45:00,11,3/9 02:53:00,11,0h 8m,6h 55m,3/8 19:50:00,8.96,Eagle Island
Joar Leifseth Ulsom,28,3/9 02:03:00,11,3/9 07:45:00,10,5h 42m,7h 16m,3/8 18:47:00,8.53,Eagle Island
Peter Kaiser,9,3/9 02:28:00,11,3/9 07:45:00,11,5h 17m,6h 24m,3/8 20:04:00,9.69,Eagle Island
Jessie Royer,14,3/9 07:53:00,13,3/9 08:03:00,13,0h 10m,9h 47m,3/8 22:06:00,6.34,Eagle Island
Matthew Failor,17,3/9 08:41:00,12,3/9 08:46:00,11,0h 5m,6h 28m,3/9 02:13:00,9.59,Eagle Island
Mitch Seavey,32,3/9 05:59:00,11,3/9 10:02:00,11,4h 3m,6h 56m,3/8 23:03:00,8.94,Eagle Island
Aliy Zirkle,19,3/9 06:58:00,14,3/9 11:14:00,13,4h 16m,7h 23m,3/8 23:35:00,8.40,Eagle Island
Ryan Redington,22,3/9 07:22:00,13,3/9 11:56:00,9,4h 34m,6h 58m,3/9 00:24:00,8.90,Eagle Island
Jessie Holmes,5,3/9 09:10:00,13,3/9 12:39:00,13,3h 29m,6h 15m,3/9 02:55:00,9.92,Eagle Island
Richie Diehl,29,3/9 06:44:00,13,3/9 12:51:00,11,6h 7m,7h 16m,3/8 23:28:00,8.53,Eagle Island
Matt Hall,3,3/9 14:18:00,,3/9 14:18:00,9,0h 0m,11h 33m,3/9 02:45:00,5.37,Eagle Island
Paige Drobny,40,3/9 09:28:00,12,3/9 14:28:00,12,5h 0m,7h 3m,3/9 02:25:00,8.79,Eagle Island
Travis Beals,51,3/9 12:33:00,11,3/9 17:16:00,11,4h 43m,6h 37m,3/9 05:56:00,9.37,Eagle Island
Mats Pettersson,4,3/9 12:03:00,11,3/9 17:32:00,11,5h 29m,6h 43m,3/9 05:20:00,9.23,Eagle Island
Aaron Burmeister,38,3/9 10:31:00,11,3/9 18:31:00,11,8h 0m,7h 37m,3/9 02:54:00,8.14,Eagle Island
Jeff King,23,3/9 20:34:00,13,3/9 20:53:00,13,0h 19m,11h 26m,3/9 09:08:00,5.42,Eagle Island
Linwood Fiedler,15,3/9 15:18:00,12,3/9 21:02:00,12,5h 44m,7h 41m,3/9 07:37:00,8.07,Eagle Island
Ramey Smyth,6,3/9 13:45:00,12,3/9 21:46:00,12,8h 1m,7h 36m,3/9 06:09:00,8.16,Eagle Island
Aaron Peck,47,3/9 22:41:00,7,3/9 22:49:00,7,0h 8m,13h 6m,3/9 09:35:00,4.73,Eagle Island
Lev Shvarts,13,3/9 17:01:00,11,3/9 23:17:00,9,6h 16m,11h 35m,3/9 05:26:00,5.35,Eagle Island
Michi Konno,43,3/9 19:39:00,11,3/10 01:10:00,11,5h 31m,7h 49m,3/9 11:50:00,7.93,Eagle Island
Jason Campeau,12,3/9 19:05:00,11,3/10 01:18:00,10,6h 13m,12h 41m,3/9 06:24:00,4.89,Eagle Island
Kristy Berington,26,3/9 18:51:00,12,3/10 01:22:00,12,6h 31m,7h 21m,3/9 11:30:00,8.44,Eagle Island
Anna Berington,10,3/9 18:51:00,12,3/10 01:23:00,12,6h 32m,7h 22m,3/9 11:29:00,8.42,Eagle Island
Wade Marrs,36,3/9 18:10:00,11,3/10 03:13:00 *,10,8h 3m,7h 22m,3/9 10:48:00,8.42,Eagle Island
Seth Barnes,45,3/9 20:06:00,11,3/10 03:15:00 *,11,6h 9m,7h 21m,3/9 12:45:00,8.44,Eagle Island
Brett Bruggeman,35,3/9 20:10:00,12,3/10 03:19:00 *,12,6h 9m,7h 25m,3/9 12:45:00,8.36,Eagle Island
Jeff Deeter,25,3/10 03:48:00 *,9,3/10 03:59:00,9,0h 11m,10h 57m,3/9 15:51:00,5.66,Eagle Island
Charley Bejna,31,3/9 21:53:00,10,3/10 04:06:00 *,10,5h 13m,7h 28m,3/9 14:25:00,8.30,Eagle Island
Lance Mackey,44,3/9 21:48:00,12,3/10 04:58:00 *,12,6h 10m,6h 58m,3/9 14:50:00,8.90,Eagle Island
Richie Beattie,50,3/10 00:01:00,13,3/10 07:36:00 *,12,6h 35m,6h 58m,3/9 17:03:00,8.90,Eagle Island
Martin Buser,21,3/9 23:20:00,12,3/10 07:58:00 *,12,7h 38m,6h 59m,3/9 16:21:00,8.88,Eagle Island
Robert Redington,34,3/9 23:00:00,9,3/10 08:13:00 *,8,8h 13m,7h 0m,3/9 16:00:00,8.86,Eagle Island
Ed Hopkins,33,3/10 08:31:00 *,13,3/10 08:31:00,13,0h 0m,12h 15m,3/9 19:16:00,5.06,Eagle Island
Sarah Stokey,52,3/10 11:33:00 *,12,3/10 16:31:00,11,4h 58m,19h 28m,3/9 15:05:00,3.18,Eagle Island
Jessica Klejka,24,3/10 12:48:00,11,3/10 19:53:00,11,7h 5m,8h 12m,3/10 04:36:00,7.56,Eagle Island
Ryan Santiago,49,3/10 20:45:00,14,3/11 03:14:00,14,6h 29m,9h 37m,3/10 11:08:00,6.45,Eagle Island
Niklas Wikstrand,42,3/10 16:01:00,14,3/11 03:24:00,13,11h 23m,6h 56m,3/10 09:05:00,8.94,Eagle Island
Martin Apayauq Reitan,39,3/10 15:15:00,13,3/11 04:08:00,13,12h 53m,9h 55m,3/10 05:20:00,6.25,Eagle Island
Sebastien Dos Santos Borges,46,3/10 19:17:00,12,3/11 04:10:00,12,8h 53m,7h 34m,3/10 11:43:00,8.19,Eagle Island
Blair Braverman,11,3/11 00:58:00,11,3/11 10:22:00,11,9h 24m,8h 24m,3/10 16:34:00,7.38,Eagle Island
Michael Baker,41,3/11 15:20:00,9,3/11 19:36:00,9,4h 16m,12h 51m,3/11 02:29:00,4.82,Eagle Island
Alison Lifka,37,3/11 15:02:00,13,3/11 19:50:00,13,4h 48m,12h 38m,3/11 02:24:00,4.91,Eagle Island
Kristin Bacon,8,3/11 15:22:00,13,3/11 20:28:00,12,5h 6m,16h 2m,3/10 23:20:00,3.87,Eagle Island
Anja Radano,2,3/11 15:22:00,11,3/11 20:29:00,11,5h 7m,16h 0m,3/10 23:22:00,3.88,Eagle Island
Victoria Hardwick,30,3/11 18:39:00,14,3/12 04:48:00,14,10h 9m,9h 49m,3/11 08:50:00,6.32,Eagle Island
Jeremy Keller,48,3/11 21:52:00,8,3/12 04:51:00,8,6h 59m,13h 56m,3/11 07:56:00,4.45,Eagle Island
Cindy Gallea,53,3/11 18:39:00,12,3/12 04:52:00,8,10h 13m,9h 5m,3/11 09:34:00,6.83,Eagle Island
Nicolas Petit,20,3/9 16:51:00,11,3/9 21:49:00,10,4h 58m,13h 58m,3/9 02:53:00,4.30,Kaltag
Joar Leifseth Ulsom,28,3/9 18:53:00,10,3/9 23:44:00,10,4h 51m,11h 8m,3/9 07:45:00,5.39,Kaltag
Jessie Royer,14,3/9 19:18:00,13,3/9 23:47:00,13,4h 29m,11h 15m,3/9 08:03:00,5.33,Kaltag
Peter Kaiser,9,3/9 16:48:00,11,3/10 00:51:00,11,8h 3m,9h 3m,3/9 07:45:00,6.63,Kaltag
Mitch Seavey,32,3/9 21:35:00,11,3/10 03:47:00 *,9,5h 12m,11h 33m,3/9 10:02:00,5.19,Kaltag
Matt Hall,3,3/10 06:00:00 *,9,3/10 06:05:00,9,0h 5m,14h 42m,3/9 14:18:00,4.08,Kaltag
Jessie Holmes,5,3/9 22:48:00,13,3/10 06:57:00 *,11,7h 9m,10h 9m,3/9 12:39:00,5.91,Kaltag
Aliy Zirkle,19,3/9 22:24:00,13,3/10 07:37:00 *,13,8h 13m,11h 10m,3/9 11:14:00,5.37,Kaltag
Matthew Failor,17,3/9 23:35:00,11,3/10 08:01:00 *,11,7h 26m,14h 49m,3/9 08:46:00,4.05,Kaltag
Paige Drobny,40,3/10 05:18:00 *,12,3/10 08:54:00,12,3h 36m,13h 50m,3/9 14:28:00,4.34,Kaltag
Ryan Redington,22,3/10 01:57:00,9,3/10 09:45:00 *,9,6h 48m,14h 1m,3/9 11:56:00,4.28,Kaltag
Aaron Burmeister,38,3/10 06:13:00 *,11,3/10 10:52:00,11,4h 39m,10h 42m,3/9 18:31:00,5.61,Kaltag
Mats Pettersson,4,3/10 05:14:00 *,11,3/10 11:46:00,11,6h 32m,10h 42m,3/9 17:32:00,5.61,Kaltag
Travis Beals,51,3/10 06:04:00 *,11,3/10 11:56:00,10,5h 52m,11h 48m,3/9 17:16:00,5.08,Kaltag
Richie Diehl,29,3/10 01:54:00,11,3/10 13:25:00 *,10,10h 31m,13h 3m,3/9 12:51:00,4.60,Kaltag
Linwood Fiedler,15,3/10 08:11:00 *,12,3/10 15:19:00,12,7h 8m,10h 9m,3/9 21:02:00,5.91,Kaltag
Ramey Smyth,6,3/10 09:41:00 *,12,3/10 15:45:00,12,6h 4m,10h 55m,3/9 21:46:00,5.50,Kaltag
Michi Konno,43,3/10 12:06:00 *,11,3/10 18:51:00,10,6h 45m,9h 56m,3/10 01:10:00,6.04,Kaltag
Jeff King,23,3/10 13:06:00 *,13,3/10 18:52:00,13,5h 46m,15h 13m,3/9 20:53:00,3.94,Kaltag
Wade Marrs,36,3/10 14:28:00,10,3/10 20:20:00,9,5h 52m,11h 15m,3/10 03:13:00,5.33,Kaltag
Anna Berington,10,3/10 12:07:00 *,12,3/10 20:28:00,12,8h 21m,9h 44m,3/10 01:23:00,6.16,Kaltag
Kristy Berington,26,3/10 12:01:00 *,12,3/10 20:29:00,11,8h 28m,9h 39m,3/10 01:22:00,6.22,Kaltag
Lev Shvarts,13,3/10 13:25:00 *,9,3/10 21:23:00,7,7h 58m,13h 8m,3/9 23:17:00,4.57,Kaltag
Brett Bruggeman,35,3/10 14:35:00,12,3/10 21:55:00,12,7h 20m,11h 16m,3/10 03:19:00,5.33,Kaltag
Charley Bejna,31,3/10 15:51:00,10,3/10 22:10:00,10,6h 19m,11h 45m,3/10 04:06:00,5.11,Kaltag
Seth Barnes,45,3/10 14:42:00,11,3/10 22:45:00,11,8h 3m,11h 27m,3/10 03:15:00,5.24,Kaltag
Aaron Peck,47,3/10 15:04:00 *,7,3/10 23:02:00,7,7h 58m,15h 15m,3/9 22:49:00,3.93,Kaltag
Lance Mackey,44,3/10 14:34:00,12,3/10 23:06:00,12,8h 32m,9h 36m,3/10 04:58:00,6.25,Kaltag
Jeff Deeter,25,3/10 17:29:00,9,3/10 23:24:00,8,5h 55m,13h 30m,3/10 03:59:00,4.44,Kaltag
Richie Beattie,50,3/10 16:49:00,12,3/10 23:58:00,12,7h 9m,9h 13m,3/10 07:36:00,6.51,Kaltag
Martin Buser,21,3/10 17:21:00,12,3/11 04:58:00,12,11h 37m,9h 23m,3/10 07:58:00,6.39,Kaltag
Jason Campeau,12,3/10 21:12:00 *,10,3/11 05:04:00,9,7h 52m,18h 54m,3/10 01:18:00,3.17,Kaltag
Ed Hopkins,33,3/10 23:44:00,13,3/11 05:16:00,13,5h 32m,15h 13m,3/10 08:31:00,3.94,Kaltag
Sarah Stokey,52,3/11 03:52:00,11,3/11 10:09:00,11,6h 17m,11h 21m,3/10 16:31:00,5.29,Kaltag
Jessica Klejka,24,3/11 11:24:00,11,3/11 19:37:00,11,8h 13m,15h 31m,3/10 19:53:00,3.87,Kaltag
Ryan Santiago,49,3/11 14:34:00,14,3/11 22:43:00,13,8h 9m,11h 20m,3/11 03:14:00,5.29,Kaltag
Martin Apayauq Reitan,39,3/11 14:58:00,13,3/12 00:55:00,13,9h 57m,10h 50m,3/11 04:08:00,5.54,Kaltag
Sebastien Dos Santos Borges,46,3/11 15:00:00,12,3/12 01:22:00,11,10h 22m,10h 50m,3/11 04:10:00,5.54,Kaltag
Blair Braverman,11,3/11 21:17:00,11,3/12 09:48:00,10,12h 31m,10h 55m,3/11 10:22:00,5.50,Kaltag
Michael Baker,41,3/12 13:15:00,9,3/12 22:12:00,9,8h 57m,17h 39m,3/11 19:36:00,3.40,Kaltag
Kristin Bacon,8,3/12 15:04:00,12,3/12 22:13:00,12,7h 9m,18h 36m,3/11 20:28:00,3.23,Kaltag
Anja Radano,2,3/12 14:32:00,11,3/12 22:20:00,11,7h 48m,18h 3m,3/11 20:29:00,3.32,Kaltag
Alison Lifka,37,3/12 13:09:00,13,3/12 22:42:00,13,9h 33m,17h 19m,3/11 19:50:00,3.46,Kaltag
Jeremy Keller,48,3/12 20:49:00,8,3/13 04:31:00,8,7h 42m,15h 58m,3/12 04:51:00,3.76,Kaltag
Victoria Hardwick,30,3/12 20:53:00,14,3/13 04:36:00,14,7h 43m,16h 5m,3/12 04:48:00,3.73,Kaltag
Cindy Gallea,53,3/12 21:22:00,8,3/13 05:22:00,8,8h 0m,16h 30m,3/12 04:52:00,3.64,Kaltag
Robert Redington,34,3/10 17:22:00,8,,,,9h 9m,3/10 08:13:00,6.56,Kaltag
Niklas Wikstrand,42,3/11 14:35:00,13,,,,11h 11m,3/11 03:24:00,5.37,Kaltag
Nicolas Petit,20,3/10 09:46:00 *,10,3/10 14:48:00,10,5h 2m,10h 57m,3/9 21:49:00,7.76,Unalakleet
Peter Kaiser,9,3/10 16:37:00 *,11,3/10 16:40:00,10,0h 3m,14h 46m,3/10 00:51:00,5.76,Unalakleet
Joar Leifseth Ulsom,28,3/10 16:40:00 *,10,3/10 16:40:00,10,0h 0m,15h 56m,3/9 23:44:00,5.33,Unalakleet
Jessie Royer,14,3/10 16:43:00 *,13,3/10 16:45:00,13,0h 2m,15h 56m,3/9 23:47:00,5.33,Unalakleet
Mitch Seavey,32,3/10 20:18:00,9,3/10 20:25:00,9,0h 7m,16h 31m,3/10 03:47:00,5.15,Unalakleet
Jessie Holmes,5,3/10 20:40:00,11,3/11 00:30:00,11,3h 50m,13h 43m,3/10 06:57:00,6.20,Unalakleet
Aliy Zirkle,19,3/10 20:43:00,13,3/11 01:00:00,12,4h 17m,13h 6m,3/10 07:37:00,6.49,Unalakleet
Matt Hall,3,3/10 23:34:00,9,3/11 03:31:00,9,3h 57m,17h 29m,3/10 06:05:00,4.86,Unalakleet
Matthew Failor,17,3/10 23:30:00,11,3/11 03:40:00,11,4h 10m,15h 29m,3/10 08:01:00,5.49,Unalakleet
Paige Drobny,40,3/11 00:47:00,12,3/11 04:37:00,12,3h 50m,15h 53m,3/10 08:54:00,5.35,Unalakleet
Aaron Burmeister,38,3/11 01:04:00,11,3/11 05:25:00,11,4h 21m,14h 12m,3/10 10:52:00,5.99,Unalakleet
Travis Beals,51,3/11 00:47:00,10,3/11 05:39:00,10,4h 52m,12h 51m,3/10 11:56:00,6.61,Unalakleet
Ryan Redington,22,3/11 01:02:00,9,3/11 05:44:00,9,4h 42m,15h 17m,3/10 09:45:00,5.56,Unalakleet
Mats Pettersson,4,3/11 02:36:00,11,3/11 06:36:00,9,4h 0m,14h 50m,3/10 11:46:00,5.73,Unalakleet
Richie Diehl,29,3/11 04:51:00,10,3/11 09:55:00,10,5h 4m,15h 26m,3/10 13:25:00,5.51,Unalakleet
Ramey Smyth,6,3/11 04:13:00,12,3/11 10:09:00,12,5h 56m,12h 28m,3/10 15:45:00,6.82,Unalakleet
Linwood Fiedler,15,3/11 03:30:00,12,3/11 10:19:00,12,6h 49m,12h 11m,3/10 15:19:00,6.98,Unalakleet
Jeff King,23,3/11 05:42:00,13,3/11 10:32:00,13,4h 50m,10h 50m,3/10 18:52:00,7.85,Unalakleet
Wade Marrs,36,3/11 10:08:00,9,3/11 15:25:00,9,5h 17m,13h 48m,3/10 20:20:00,6.16,Unalakleet
Anna Berington,10,3/11 13:08:00,12,3/11 17:49:00,10,4h 41m,16h 40m,3/10 20:28:00,5.10,Unalakleet
Kristy Berington,26,3/11 13:09:00,11,3/11 17:52:00,11,4h 43m,16h 40m,3/10 20:29:00,5.10,Unalakleet
Michi Konno,43,3/11 11:40:00,10,3/11 18:01:00,10,6h 21m,16h 49m,3/10 18:51:00,5.05,Unalakleet
Brett Bruggeman,35,3/11 12:42:00,12,3/11 18:40:00,11,5h 58m,14h 47m,3/10 21:55:00,5.75,Unalakleet
Seth Barnes,45,3/11 14:21:00,11,3/11 20:12:00,10,5h 51m,15h 36m,3/10 22:45:00,5.45,Unalakleet
Jeff Deeter,25,3/11 14:41:00,8,3/11 20:42:00,8,6h 1m,15h 17m,3/10 23:24:00,5.56,Unalakleet
Charley Bejna,31,3/11 16:02:00,10,3/11 21:17:00,10,5h 15m,17h 52m,3/10 22:10:00,4.76,Unalakleet
Aaron Peck,47,3/11 15:11:00,7,3/11 21:56:00,7,6h 45m,16h 9m,3/10 23:02:00,5.26,Unalakleet
Martin Buser,21,3/11 16:14:00,12,3/12 02:18:00,12,10h 4m,11h 16m,3/11 04:58:00,7.54,Unalakleet
Richie Beattie,50,3/11 15:41:00,12,3/12 02:25:00,10,10h 44m,15h 43m,3/10 23:58:00,5.41,Unalakleet
Lance Mackey,44,3/11 15:59:00,12,3/12 03:10:00,12,11h 11m,16h 53m,3/10 23:06:00,5.03,Unalakleet
Ed Hopkins,33,3/11 22:18:00,13,3/12 03:56:00,12,5h 38m,17h 2m,3/11 05:16:00,4.99,Unalakleet
Sarah Stokey,52,3/12 00:03:00,11,3/12 07:05:00,11,7h 2m,13h 54m,3/11 10:09:00,6.12,Unalakleet
Jason Campeau,12,3/12 00:16:00,9,3/12 07:05:00,9,6h 49m,19h 12m,3/11 05:04:00,4.43,Unalakleet
Jessica Klejka,24,3/12 14:16:00,11,3/12 22:27:00,11,8h 11m,18h 39m,3/11 19:37:00,4.56,Unalakleet
Ryan Santiago,49,3/12 17:30:00,13,3/12 23:47:00,13,6h 17m,18h 47m,3/11 22:43:00,4.53,Unalakleet
Martin Apayauq Reitan,39,3/12 17:05:00,13,3/13 01:51:00,13,8h 46m,16h 10m,3/12 00:55:00,5.26,Unalakleet
Michael Baker,41,3/13 14:31:00,9,3/14 01:15:00,9,10h 44m,16h 19m,3/12 22:12:00,5.21,Unalakleet
Kristin Bacon,8,3/13 18:13:00,12,3/14 02:22:00,12,8h 9m,20h 0m,3/12 22:13:00,4.25,Unalakleet
Anja Radano,2,3/13 17:46:00,11,3/14 02:33:00,10,8h 47m,19h 26m,3/12 22:20:00,4.37,Unalakleet
Alison Lifka,37,3/13 16:55:00,13,3/14 02:52:00,13,9h 57m,18h 13m,3/12 22:42:00,4.67,Unalakleet
Blair Braverman,11,3/14 01:02:00,10,3/14 08:07:00,10,7h 5m,39h 14m,3/12 09:48:00,2.17,Unalakleet
Victoria Hardwick,30,3/14 01:12:00,14,3/14 08:38:00,14,7h 26m,20h 36m,3/13 04:36:00,4.13,Unalakleet
Cindy Gallea,53,3/14 01:14:00,8,3/14 08:59:00,8,7h 45m,19h 52m,3/13 05:22:00,4.28,Unalakleet
Jeremy Keller,48,3/14 01:12:00,8,3/14 09:03:00,8,7h 51m,20h 41m,3/13 04:31:00,4.11,Unalakleet
Lev Shvarts,13,3/11 16:08:00,7,,,,18h 45m,3/10 21:23:00,4.53,Unalakleet
Sebastien Dos Santos Borges,46,3/13 17:25:00,11,,,,40h 3m,3/12 01:22:00,2.12,Unalakleet
Peter Kaiser,9,3/10 21:49:00,10,3/11 01:26:00,10,3h 37m,5h 9m,3/10 16:40:00,7.77,Shaktoolik
Joar Leifseth Ulsom,28,3/10 22:01:00,10,3/11 01:39:00,9,3h 38m,5h 21m,3/10 16:40:00,7.48,Shaktoolik
Jessie Royer,14,3/10 22:24:00,13,3/11 03:09:00,12,4h 45m,5h 39m,3/10 16:45:00,7.08,Shaktoolik
Mitch Seavey,32,3/11 02:29:00,9,3/11 07:18:00,9,4h 49m,6h 4m,3/10 20:25:00,6.59,Shaktoolik
Jessie Holmes,5,3/11 06:25:00,11,3/11 10:18:00,10,3h 53m,5h 55m,3/11 00:30:00,6.76,Shaktoolik
Aliy Zirkle,19,3/11 06:40:00,12,3/11 10:20:00,11,3h 40m,5h 40m,3/11 01:00:00,7.06,Shaktoolik
Matt Hall,3,3/11 09:35:00,9,3/11 13:21:00,9,3h 46m,6h 4m,3/11 03:31:00,6.59,Shaktoolik
Travis Beals,51,3/11 11:19:00,10,3/11 13:32:00,10,2h 13m,5h 40m,3/11 05:39:00,7.06,Shaktoolik
Matthew Failor,17,3/11 09:09:00,11,3/11 13:37:00,11,4h 28m,5h 29m,3/11 03:40:00,7.29,Shaktoolik
Aaron Burmeister,38,3/11 11:43:00,11,3/11 15:43:00,11,4h 0m,6h 18m,3/11 05:25:00,6.35,Shaktoolik
Paige Drobny,40,3/11 10:35:00,12,3/11 15:44:00,12,5h 9m,5h 58m,3/11 04:37:00,6.70,Shaktoolik
Ramey Smyth,6,3/11 16:15:00,12,3/11 19:11:00,12,2h 56m,6h 6m,3/11 10:09:00,6.56,Shaktoolik
Richie Diehl,29,3/11 15:46:00,10,3/11 20:59:00,10,5h 13m,5h 51m,3/11 09:55:00,6.84,Shaktoolik
Jeff King,23,3/11 16:05:00,13,3/11 21:12:00,13,5h 7m,5h 33m,3/11 10:32:00,7.21,Shaktoolik
Mats Pettersson,4,3/11 13:20:00,9,3/11 22:58:00,9,9h 38m,6h 44m,3/11 06:36:00,5.94,Shaktoolik
Linwood Fiedler,15,3/11 16:31:00,12,3/11 23:11:00,12,6h 40m,6h 12m,3/11 10:19:00,6.45,Shaktoolik
Wade Marrs,36,3/11 21:21:00,9,3/12 04:03:00,9,6h 42m,5h 56m,3/11 15:25:00,6.74,Shaktoolik
Anna Berington,10,3/11 23:58:00,10,3/12 06:01:00,10,6h 3m,6h 9m,3/11 17:49:00,6.50,Shaktoolik
Kristy Berington,26,3/11 23:56:00,11,3/12 06:02:00,11,6h 6m,6h 4m,3/11 17:52:00,6.59,Shaktoolik
Seth Barnes,45,3/12 01:53:00,10,3/12 08:03:00,10,6h 10m,5h 41m,3/11 20:12:00,7.04,Shaktoolik
Jeff Deeter,25,3/12 02:22:00,8,3/12 08:25:00,8,6h 3m,5h 40m,3/11 20:42:00,7.06,Shaktoolik
Aaron Peck,47,3/12 04:03:00,7,3/12 11:30:00,7,7h 27m,6h 7m,3/11 21:56:00,6.54,Shaktoolik
Charley Bejna,31,3/12 04:04:00,10,3/12 11:44:00,9,7h 40m,6h 47m,3/11 21:17:00,5.90,Shaktoolik
Michi Konno,43,3/12 00:10:00,10,3/12 14:50:00,8,14h 40m,6h 9m,3/11 18:01:00,6.50,Shaktoolik
Richie Beattie,50,3/12 08:56:00,10,3/12 15:08:00,10,6h 12m,6h 31m,3/12 02:25:00,6.14,Shaktoolik
Lance Mackey,44,3/12 08:57:00,12,3/12 15:08:00,12,6h 11m,5h 47m,3/12 03:10:00,6.92,Shaktoolik
Ed Hopkins,33,3/12 10:35:00,12,3/12 16:51:00,12,6h 16m,6h 39m,3/12 03:56:00,6.02,Shaktoolik
Martin Buser,21,3/12 09:59:00,12,3/12 16:55:00,12,6h 56m,7h 41m,3/12 02:18:00,5.21,Shaktoolik
Sarah Stokey,52,3/12 13:08:00,11,3/12 18:34:00,11,5h 26m,6h 3m,3/12 07:05:00,6.61,Shaktoolik
Jason Campeau,12,3/12 13:40:00,9,3/13 06:05:00,9,16h 25m,6h 35m,3/12 07:05:00,6.08,Shaktoolik
Ryan Santiago,49,3/13 06:15:00,13,3/13 12:31:00,13,6h 16m,6h 28m,3/12 23:47:00,6.19,Shaktoolik
Jessica Klejka,24,3/13 04:50:00,11,3/13 12:32:00,11,7h 42m,6h 23m,3/12 22:27:00,6.27,Shaktoolik
Martin Apayauq Reitan,39,3/13 09:20:00,13,3/13 13:33:00,13,4h 13m,7h 29m,3/13 01:51:00,5.35,Shaktoolik
Michael Baker,41,3/14 07:21:00,9,3/14 14:03:00,9,6h 42m,6h 6m,3/14 01:15:00,6.56,Shaktoolik
Alison Lifka,37,3/14 08:28:00,13,3/14 15:32:00,13,7h 4m,5h 36m,3/14 02:52:00,7.14,Shaktoolik
Kristin Bacon,8,3/14 10:06:00,12,3/14 18:36:00,11,8h 30m,7h 44m,3/14 02:22:00,5.17,Shaktoolik
Anja Radano,2,3/14 09:24:00,10,3/14 18:39:00,10,9h 15m,6h 51m,3/14 02:33:00,5.84,Shaktoolik
Blair Braverman,11,3/14 15:21:00,10,3/14 20:41:00,10,5h 20m,7h 14m,3/14 08:07:00,5.53,Shaktoolik
Victoria Hardwick,30,3/14 15:19:00,14,3/14 22:47:00,14,7h 28m,6h 41m,3/14 08:38:00,5.99,Shaktoolik
Cindy Gallea,53,3/14 15:20:00,8,3/15 00:10:00,8,8h 50m,6h 21m,3/14 08:59:00,6.30,Shaktoolik
Jeremy Keller,48,3/14 15:14:00,8,3/15 00:22:00,8,9h 8m,6h 11m,3/14 09:03:00,6.47,Shaktoolik
Nicolas Petit,20,3/10 19:57:00,10,,,,5h 9m,3/10 14:48:00,7.77,Shaktoolik
Ryan Redington,22,3/11 11:44:00,9,,,,6h 0m,3/11 05:44:00,6.67,Shaktoolik
Brett Bruggeman,35,3/12 00:36:00,11,,,,5h 56m,3/11 18:40:00,6.74,Shaktoolik
Peter Kaiser,9,3/11 08:54:00,10,3/11 14:15:00,9,5h 21m,7h 28m,3/11 01:26:00,6.70,Koyuk
Joar Leifseth Ulsom,28,3/11 09:59:00,9,3/11 15:15:00,8,5h 16m,8h 20m,3/11 01:39:00,6.00,Koyuk
Jessie Royer,14,3/11 11:46:00,12,3/11 16:55:00,11,5h 9m,8h 37m,3/11 03:09:00,5.80,Koyuk
Aliy Zirkle,19,3/11 19:21:00,11,3/12 00:29:00,11,5h 8m,9h 1m,3/11 10:20:00,5.55,Koyuk
Jessie Holmes,5,3/11 19:49:00,10,3/12 01:25:00,9,5h 36m,9h 31m,3/11 10:18:00,5.25,Koyuk
Matt Hall,3,3/11 22:15:00,9,3/12 03:20:00,9,5h 5m,8h 54m,3/11 13:21:00,5.62,Koyuk
Mitch Seavey,32,3/11 21:27:00,9,3/12 05:02:00,9,7h 35m,14h 9m,3/11 07:18:00,3.53,Koyuk
Travis Beals,51,3/11 22:15:00,10,3/12 06:15:00,9,8h 0m,8h 43m,3/11 13:32:00,5.74,Koyuk
Paige Drobny,40,3/12 00:08:00,12,3/12 06:42:00,12,6h 34m,8h 24m,3/11 15:44:00,5.95,Koyuk
Aaron Burmeister,38,3/12 01:15:00,11,3/12 07:43:00,11,6h 28m,9h 32m,3/11 15:43:00,5.24,Koyuk
Ramey Smyth,6,3/12 04:02:00,12,3/12 09:01:00,12,4h 59m,8h 51m,3/11 19:11:00,5.65,Koyuk
Richie Diehl,29,3/12 05:18:00,10,3/12 11:23:00,10,6h 5m,8h 19m,3/11 20:59:00,6.01,Koyuk
Jeff King,23,3/12 04:52:00,13,3/12 13:21:00,13,8h 29m,7h 40m,3/11 21:12:00,6.52,Koyuk
Mats Pettersson,4,3/12 08:37:00,9,3/12 13:56:00,8,5h 19m,9h 39m,3/11 22:58:00,5.18,Koyuk
Linwood Fiedler,15,3/12 07:41:00,12,3/12 14:08:00,12,6h 27m,8h 30m,3/11 23:11:00,5.88,Koyuk
Wade Marrs,36,3/12 11:40:00,9,3/12 16:42:00,9,5h 2m,7h 37m,3/12 04:03:00,6.56,Koyuk
Kristy Berington,26,3/12 14:38:00,11,3/12 21:39:00,11,7h 1m,8h 36m,3/12 06:02:00,5.81,Koyuk
Anna Berington,10,3/12 14:39:00,10,3/12 21:39:00,9,7h 0m,8h 38m,3/12 06:01:00,5.79,Koyuk
Seth Barnes,45,3/12 16:04:00,10,3/12 22:04:00,10,6h 0m,8h 1m,3/12 08:03:00,6.24,Koyuk
Jeff Deeter,25,3/12 16:23:00,8,3/12 22:10:00,8,5h 47m,7h 58m,3/12 08:25:00,6.28,Koyuk
Aaron Peck,47,3/12 19:57:00,7,3/13 04:45:00,7,8h 48m,8h 27m,3/12 11:30:00,5.92,Koyuk
Charley Bejna,31,3/12 20:15:00,9,3/13 04:48:00,8,8h 33m,8h 31m,3/12 11:44:00,5.87,Koyuk
Matthew Failor,17,3/12 17:37:00,11,3/13 04:49:00,10,11h 12m,28h 0m,3/11 13:37:00,1.79,Koyuk
Richie Beattie,50,3/12 23:32:00,10,3/13 05:54:00,10,6h 22m,8h 24m,3/12 15:08:00,5.95,Koyuk
Ed Hopkins,33,3/13 00:54:00,12,3/13 07:50:00,11,6h 56m,8h 3m,3/12 16:51:00,6.21,Koyuk
Sarah Stokey,52,3/13 02:36:00,11,3/13 09:32:00,10,6h 56m,8h 2m,3/12 18:34:00,6.22,Koyuk
Martin Buser,21,3/13 00:10:00,12,3/13 09:41:00,12,9h 31m,7h 15m,3/12 16:55:00,6.90,Koyuk
Michi Konno,43,3/13 00:08:00,8,3/13 10:12:00,8,10h 4m,9h 18m,3/12 14:50:00,5.38,Koyuk
Lance Mackey,44,3/12 23:48:00,12,3/13 20:22:00,12,20h 34m,8h 40m,3/12 15:08:00,5.77,Koyuk
Jason Campeau,12,3/13 15:11:00,9,3/13 21:25:00,9,6h 14m,9h 6m,3/13 06:05:00,5.49,Koyuk
Ryan Santiago,49,3/13 20:47:00,13,3/14 06:38:00,13,9h 51m,8h 16m,3/13 12:31:00,6.05,Koyuk
Jessica Klejka,24,3/13 20:52:00,11,3/14 06:38:00,11,9h 46m,8h 20m,3/13 12:32:00,6.00,Koyuk
Martin Apayauq Reitan,39,3/13 22:28:00,13,3/14 06:38:00,13,8h 10m,8h 55m,3/13 13:33:00,5.61,Koyuk
Michael Baker,41,3/14 21:03:00,9,3/15 07:43:00,9,10h 40m,7h 0m,3/14 14:03:00,7.14,Koyuk
Alison Lifka,37,3/14 22:09:00,13,3/15 08:50:00,12,10h 41m,6h 37m,3/14 15:32:00,7.56,Koyuk
Kristin Bacon,8,3/15 02:06:00,11,3/15 09:23:00,11,7h 17m,7h 30m,3/14 18:36:00,6.67,Koyuk
Anja Radano,2,3/15 02:05:00,10,3/15 09:28:00,10,7h 23m,7h 26m,3/14 18:39:00,6.73,Koyuk
Blair Braverman,11,3/15 04:01:00,10,3/15 13:29:00,10,9h 28m,7h 20m,3/14 20:41:00,6.82,Koyuk
Victoria Hardwick,30,3/15 06:21:00,14,3/15 13:30:00,11,7h 9m,7h 34m,3/14 22:47:00,6.61,Koyuk
Cindy Gallea,53,3/15 08:01:00,8,3/15 15:53:00,7,7h 52m,7h 51m,3/15 00:10:00,6.37,Koyuk
Jeremy Keller,48,3/15 07:47:00,8,3/15 16:42:00,8,8h 55m,7h 25m,3/15 00:22:00,6.74,Koyuk
Peter Kaiser,9,3/11 21:57:00,9,3/12 00:41:00,8,2h 44m,7h 42m,3/11 14:15:00,6.23,Elim
Joar Leifseth Ulsom,28,3/11 22:47:00,8,3/12 00:46:00,8,1h 59m,7h 32m,3/11 15:15:00,6.37,Elim
Jessie Royer,14,3/12 00:47:00,11,3/12 04:46:00,11,3h 59m,7h 52m,3/11 16:55:00,6.10,Elim
Aliy Zirkle,19,3/12 08:06:00,11,3/12 12:11:00,11,4h 5m,7h 37m,3/12 00:29:00,6.30,Elim
Matt Hall,3,3/12 10:44:00,9,3/12 14:28:00,9,3h 44m,7h 24m,3/12 03:20:00,6.49,Elim
Travis Beals,51,3/12 13:04:00,9,3/12 15:21:00,8,2h 17m,6h 49m,3/12 06:15:00,7.04,Elim
Paige Drobny,40,3/12 13:26:00,12,3/12 15:57:00,12,2h 31m,6h 44m,3/12 06:42:00,7.13,Elim
Mitch Seavey,32,3/12 12:27:00,9,3/12 16:05:00,9,3h 38m,7h 25m,3/12 05:02:00,6.47,Elim
Ramey Smyth,6,3/12 16:16:00,12,3/12 18:32:00,11,2h 16m,7h 15m,3/12 09:01:00,6.62,Elim
Aaron Burmeister,38,3/12 15:56:00,11,3/12 19:40:00,11,3h 44m,8h 13m,3/12 07:43:00,5.84,Elim
Richie Diehl,29,3/12 18:10:00,10,3/12 22:08:00,10,3h 58m,6h 47m,3/12 11:23:00,7.08,Elim
Linwood Fiedler,15,3/12 20:35:00,12,3/13 00:04:00,12,3h 29m,6h 27m,3/12 14:08:00,7.44,Elim
Jeff King,23,3/12 19:48:00,13,3/13 02:53:00,13,7h 5m,6h 27m,3/12 13:21:00,7.44,Elim
Wade Marrs,36,3/12 22:58:00,9,3/13 03:46:00,9,4h 48m,6h 16m,3/12 16:42:00,7.66,Elim
Mats Pettersson,4,3/12 22:42:00,8,3/13 04:03:00,8,5h 21m,8h 46m,3/12 13:56:00,5.48,Elim
Jeff Deeter,25,3/13 04:49:00,8,3/13 09:51:00,7,5h 2m,6h 39m,3/12 22:10:00,7.22,Elim
Kristy Berington,26,3/13 04:51:00,11,3/13 11:32:00,11,6h 41m,7h 12m,3/12 21:39:00,6.67,Elim
Anna Berington,10,3/13 04:52:00,9,3/13 11:34:00,9,6h 42m,7h 13m,3/12 21:39:00,6.65,Elim
Seth Barnes,45,3/13 05:16:00,10,3/13 11:35:00,8,6h 19m,7h 12m,3/12 22:04:00,6.67,Elim
Matthew Failor,17,3/13 11:36:00,10,3/13 15:27:00,10,3h 51m,6h 47m,3/13 04:49:00,7.08,Elim
Aaron Peck,47,3/13 11:49:00,7,3/13 16:17:00,7,4h 28m,7h 4m,3/13 04:45:00,6.79,Elim
Jessie Holmes,5,3/13 13:51:00,9,3/13 19:19:00,9,5h 28m,36h 26m,3/12 01:25:00,1.32,Elim
Richie Beattie,50,3/13 13:48:00,10,3/13 19:20:00,9,5h 32m,7h 54m,3/13 05:54:00,6.08,Elim
Ed Hopkins,33,3/13 15:29:00,11,3/13 20:33:00,10,5h 4m,7h 39m,3/13 07:50:00,6.27,Elim
Martin Buser,21,3/13 16:41:00,12,3/14 00:26:00,12,7h 45m,7h 0m,3/13 09:41:00,6.86,Elim
Charley Bejna,31,3/13 13:53:00,8,3/14 00:27:00,7,10h 34m,9h 5m,3/13 04:48:00,5.28,Elim
Michi Konno,43,3/13 18:13:00,8,3/14 00:42:00,8,6h 29m,8h 1m,3/13 10:12:00,5.99,Elim
Sarah Stokey,52,3/13 18:46:00,10,3/14 00:47:00,10,6h 1m,9h 14m,3/13 09:32:00,5.20,Elim
Lance Mackey,44,3/14 02:39:00,12,3/14 09:34:00,12,6h 55m,6h 17m,3/13 20:22:00,7.64,Elim
Jason Campeau,12,3/14 04:15:00,9,3/14 09:34:00,8,5h 19m,6h 50m,3/13 21:25:00,7.02,Elim
Ryan Santiago,49,3/14 12:04:00,13,3/14 18:46:00,13,6h 42m,5h 26m,3/14 06:38:00,8.83,Elim
Jessica Klejka,24,3/14 13:05:00,11,3/14 18:58:00,11,5h 53m,6h 27m,3/14 06:38:00,7.44,Elim
Martin Apayauq Reitan,39,3/14 13:07:00,13,3/14 19:02:00,12,5h 55m,6h 29m,3/14 06:38:00,7.40,Elim
Michael Baker,41,3/15 14:32:00,9,3/15 21:16:00,9,6h 44m,6h 49m,3/15 07:43:00,7.04,Elim
Alison Lifka,37,3/15 15:07:00,12,3/15 22:22:00,12,7h 15m,6h 17m,3/15 08:50:00,7.64,Elim
Blair Braverman,11,3/15 21:37:00,10,3/16 02:12:00,10,4h 35m,8h 8m,3/15 13:29:00,5.90,Elim
Anja Radano,2,3/15 17:50:00,10,3/16 02:25:00,10,8h 35m,8h 22m,3/15 09:28:00,5.74,Elim
Kristin Bacon,8,3/15 17:52:00,11,3/16 02:40:00,11,8h 48m,8h 29m,3/15 09:23:00,5.66,Elim
Jeremy Keller,48,3/15 23:20:00,8,3/16 06:38:00,8,7h 18m,6h 38m,3/15 16:42:00,7.24,Elim
Victoria Hardwick,30,3/15 22:03:00,11,3/16 06:39:00,11,8h 36m,8h 33m,3/15 13:30:00,5.61,Elim
Cindy Gallea,53,3/15 23:22:00,7,3/16 07:06:00,7,7h 44m,7h 29m,3/15 15:53:00,6.41,Elim
Peter Kaiser,9,3/12 08:05:00,8,3/12 16:05:00,8,8h 0m,7h 24m,3/12 00:41:00,6.22,White Mountain
Joar Leifseth Ulsom,28,3/12 08:46:00,8,3/12 16:47:00,8,8h 1m,8h 0m,3/12 00:46:00,5.75,White Mountain
Jessie Royer,14,3/12 12:40:00,11,3/12 20:46:00,11,8h 6m,7h 54m,3/12 04:46:00,5.82,White Mountain
Aliy Zirkle,19,3/12 19:47:00,11,3/13 03:47:00,11,8h 0m,7h 36m,3/12 12:11:00,6.05,White Mountain
Matt Hall,3,3/12 21:46:00,9,3/13 05:46:00,9,8h 0m,7h 18m,3/12 14:28:00,6.30,White Mountain
Travis Beals,51,3/12 22:26:00,8,3/13 06:26:00,8,8h 0m,7h 5m,3/12 15:21:00,6.49,White Mountain
Paige Drobny,40,3/12 23:04:00,12,3/13 07:15:00,11,8h 11m,7h 7m,3/12 15:57:00,6.46,White Mountain
Ramey Smyth,6,3/13 02:32:00,11,3/13 10:32:00,9,8h 0m,8h 0m,3/12 18:32:00,5.75,White Mountain
Aaron Burmeister,38,3/13 03:48:00,11,3/13 11:48:00,10,8h 0m,8h 8m,3/12 19:40:00,5.66,White Mountain
Mitch Seavey,32,3/13 04:14:00,9,3/13 12:14:00,8,8h 0m,12h 9m,3/12 16:05:00,3.79,White Mountain
Richie Diehl,29,3/13 05:46:00,10,3/13 13:46:00,9,8h 0m,7h 38m,3/12 22:08:00,6.03,White Mountain
Linwood Fiedler,15,3/13 08:25:00,12,3/13 16:26:00,11,8h 1m,8h 21m,3/13 00:04:00,5.51,White Mountain
Jeff King,23,3/13 10:24:00,13,3/13 18:24:00,13,8h 0m,7h 31m,3/13 02:53:00,6.12,White Mountain
Wade Marrs,36,3/13 11:25:00,9,3/13 19:40:00,9,8h 15m,7h 39m,3/13 03:46:00,6.01,White Mountain
Jeff Deeter,25,3/13 17:50:00,7,3/14 01:50:00,7,8h 0m,7h 59m,3/13 09:51:00,5.76,White Mountain
Anna Berington,10,3/13 19:49:00,9,3/14 03:54:00,9,8h 5m,8h 15m,3/13 11:34:00,5.58,White Mountain
Kristy Berington,26,3/13 19:47:00,11,3/14 03:58:00,11,8h 11m,8h 15m,3/13 11:32:00,5.58,White Mountain
Seth Barnes,45,3/13 20:46:00,8,3/14 04:47:00,6,8h 1m,9h 11m,3/13 11:35:00,5.01,White Mountain
Mats Pettersson,4,3/13 21:14:00,8,3/14 05:33:00,8,8h 19m,17h 11m,3/13 04:03:00,2.68,White Mountain
Matthew Failor,17,3/13 22:51:00,10,3/14 06:51:00,10,8h 0m,7h 24m,3/13 15:27:00,6.22,White Mountain
Richie Beattie,50,3/14 02:57:00,9,3/14 11:02:00,9,8h 5m,7h 37m,3/13 19:20:00,6.04,White Mountain
Ed Hopkins,33,3/14 04:29:00,10,3/14 12:35:00,10,8h 6m,7h 56m,3/13 20:33:00,5.80,White Mountain
Martin Buser,21,3/14 06:58:00,12,3/14 15:02:00,12,8h 4m,6h 32m,3/14 00:26:00,7.04,White Mountain
Aaron Peck,47,3/14 06:08:00,7,3/14 15:43:00,6,9h 35m,13h 51m,3/13 16:17:00,3.32,White Mountain
Charley Bejna,31,3/14 07:44:00,7,3/14 16:29:00,7,8h 45m,7h 17m,3/14 00:27:00,6.32,White Mountain
Michi Konno,43,3/14 08:23:00,8,3/14 16:50:00,8,8h 27m,7h 41m,3/14 00:42:00,5.99,White Mountain
Jessie Holmes,5,3/14 02:05:00,9,3/15 00:32:00,9,22h 27m,6h 46m,3/13 19:19:00,6.80,White Mountain
Lance Mackey,44,3/14 16:28:00,12,3/15 00:32:00,12,8h 4m,6h 54m,3/14 09:34:00,6.67,White Mountain
Ryan Santiago,49,3/15 01:39:00,13,3/15 09:39:00,13,8h 0m,6h 53m,3/14 18:46:00,6.68,White Mountain
Martin Apayauq Reitan,39,3/15 02:16:00,12,3/15 10:16:00,12,8h 0m,7h 14m,3/14 19:02:00,6.36,White Mountain
Jason Campeau,12,3/15 02:23:00,8,3/15 10:23:00,8,8h 0m,16h 49m,3/14 09:34:00,2.74,White Mountain
Jessica Klejka,24,3/15 02:40:00,11,3/15 10:55:00,11,8h 15m,7h 42m,3/14 18:58:00,5.97,White Mountain
Sarah Stokey,52,3/15 15:32:00,10,3/16 04:27:00,10,12h 55m,38h 45m,3/14 00:47:00,1.19,White Mountain
Michael Baker,41,3/16 04:10:00,9,3/16 12:53:00,9,8h 43m,6h 54m,3/15 21:16:00,6.67,White Mountain
Alison Lifka,37,3/16 04:45:00,12,3/16 13:20:00,11,8h 35m,6h 23m,3/15 22:22:00,7.21,White Mountain
Anja Radano,2,3/16 10:28:00,10,3/16 19:09:00,10,8h 41m,8h 3m,3/16 02:25:00,5.71,White Mountain
Blair Braverman,11,3/16 09:51:00,10,3/16 20:44:00,8,10h 53m,7h 39m,3/16 02:12:00,6.01,White Mountain
Jeremy Keller,48,3/16 14:15:00,8,3/17 01:01:00,8,10h 46m,7h 37m,3/16 06:38:00,6.04,White Mountain
Cindy Gallea,53,3/16 15:40:00,7,3/17 01:28:00,7,9h 48m,8h 34m,3/16 07:06:00,5.37,White Mountain
Kristin Bacon,8,3/16 17:35:00,11,3/17 02:14:00,11,8h 39m,14h 55m,3/16 02:40:00,3.08,White Mountain
Victoria Hardwick,30,3/17 04:56:00,11,3/17 13:34:00,9,8h 38m,22h 17m,3/16 06:39:00,2.06,White Mountain
Peter Kaiser,9,3/13 00:03:00,8,3/13 00:05:00,8,0h 2m,7h 58m,3/12 16:05:00,6.90,Safety
Joar Leifseth Ulsom,28,3/13 00:42:00,8,3/13 00:45:00,8,0h 3m,7h 55m,3/12 16:47:00,6.95,Safety
Jessie Royer,14,3/13 05:27:00,11,3/13 05:34:00,11,0h 7m,8h 41m,3/12 20:46:00,6.33,Safety
Aliy Zirkle,19,3/13 13:16:00,11,3/13 13:42:00,11,0h 26m,9h 29m,3/13 03:47:00,5.80,Safety
Travis Beals,51,3/13 14:48:00,8,3/13 14:52:00,8,0h 4m,8h 22m,3/13 06:26:00,6.57,Safety
Paige Drobny,40,3/13 17:36:00,11,3/13 17:38:00,11,0h 2m,10h 21m,3/13 07:15:00,5.31,Safety
Matt Hall,3,3/13 17:38:00,9,3/13 17:42:00,8,0h 4m,11h 52m,3/13 05:46:00,4.63,Safety
Ramey Smyth,6,3/13 19:31:00,9,3/13 19:33:00,9,0h 2m,8h 59m,3/13 10:32:00,6.12,Safety
Mitch Seavey,32,3/13 19:54:00,8,3/13 20:01:00,7,0h 7m,7h 40m,3/13 12:14:00,7.17,Safety
Aaron Burmeister,38,3/13 20:42:00,10,3/13 20:46:00,9,0h 4m,8h 54m,3/13 11:48:00,6.18,Safety
Richie Diehl,29,3/13 22:04:00,9,3/13 22:06:00,9,0h 2m,8h 18m,3/13 13:46:00,6.63,Safety
Linwood Fiedler,15,3/14 00:07:00,11,3/14 00:09:00,11,0h 2m,7h 41m,3/13 16:26:00,7.16,Safety
Jeff King,23,3/14 00:20:00,13,3/14 00:22:00,13,0h 2m,5h 56m,3/13 18:24:00,9.27,Safety
Wade Marrs,36,3/14 02:45:00,9,3/14 02:48:00,9,0h 3m,7h 5m,3/13 19:40:00,7.76,Safety
Jeff Deeter,25,3/14 08:43:00,7,3/14 08:46:00,7,0h 3m,6h 53m,3/14 01:50:00,7.99,Safety
Kristy Berington,26,3/14 10:49:00,11,3/14 10:55:00,10,0h 6m,6h 51m,3/14 03:58:00,8.03,Safety
Anna Berington,10,3/14 10:50:00,9,3/14 10:55:00,9,0h 5m,6h 56m,3/14 03:54:00,7.93,Safety
Seth Barnes,45,3/14 12:21:00,6,3/14 12:24:00,6,0h 3m,7h 34m,3/14 04:47:00,7.27,Safety
Matthew Failor,17,3/14 13:17:00,10,3/14 13:18:00,10,0h 1m,6h 26m,3/14 06:51:00,8.55,Safety
Mats Pettersson,4,3/14 13:35:00,8,3/14 13:37:00,8,0h 2m,8h 2m,3/14 05:33:00,6.85,Safety
Richie Beattie,50,3/14 18:24:00,9,3/14 18:25:00,9,0h 1m,7h 22m,3/14 11:02:00,7.47,Safety
Ed Hopkins,33,3/14 19:53:00,10,3/14 19:55:00,10,0h 2m,7h 18m,3/14 12:35:00,7.53,Safety
Martin Buser,21,3/14 21:55:00,12,3/14 21:55:00,12,0h 0m,6h 53m,3/14 15:02:00,7.99,Safety
Aaron Peck,47,3/14 22:43:00,6,3/14 22:44:00,6,0h 1m,7h 0m,3/14 15:43:00,7.86,Safety
Charley Bejna,31,3/14 23:54:00,7,3/14 23:54:00,7,0h 0m,7h 25m,3/14 16:29:00,7.42,Safety
Michi Konno,43,3/15 00:10:00,8,3/15 00:15:00,8,0h 5m,7h 20m,3/14 16:50:00,7.50,Safety
Lance Mackey,44,3/15 07:32:00,12,3/15 10:30:00,11,2h 58m,7h 0m,3/15 00:32:00,7.86,Safety
Jessie Holmes,5,3/15 07:30:00,9,3/15 10:31:00,9,3h 1m,6h 58m,3/15 00:32:00,7.89,Safety
Ryan Santiago,49,3/15 17:02:00,13,3/15 17:15:00,12,0h 13m,7h 23m,3/15 09:39:00,7.45,Safety
Martin Apayauq Reitan,39,3/15 17:22:00,12,3/15 17:27:00,12,0h 5m,7h 6m,3/15 10:16:00,7.75,Safety
Jason Campeau,12,3/15 18:15:00,8,3/15 18:23:00,8,0h 8m,7h 52m,3/15 10:23:00,6.99,Safety
Jessica Klejka,24,3/15 18:42:00,11,3/15 19:03:00,11,0h 21m,7h 47m,3/15 10:55:00,7.07,Safety
Sarah Stokey,52,3/16 13:58:00,10,3/16 14:01:00,10,0h 3m,9h 31m,3/16 04:27:00,5.78,Safety
Alison Lifka,37,3/16 20:15:00,11,3/16 20:24:00,11,0h 9m,6h 55m,3/16 13:20:00,7.95,Safety
Michael Baker,41,3/16 20:28:00,9,3/16 20:35:00,8,0h 7m,7h 35m,3/16 12:53:00,7.25,Safety
Anja Radano,2,3/17 04:10:00,10,3/17 04:14:00,10,0h 4m,9h 1m,3/16 19:09:00,6.10,Safety
Blair Braverman,11,3/17 06:00:00,8,3/17 06:30:00,8,0h 30m,9h 16m,3/16 20:44:00,5.94,Safety
Jeremy Keller,48,3/17 09:46:00,8,3/17 10:19:00,8,0h 33m,8h 45m,3/17 01:01:00,6.29,Safety
Kristin Bacon,8,3/17 14:37:00,11,3/17 17:03:00,10,2h 26m,12h 23m,3/17 02:14:00,4.44,Safety
Victoria Hardwick,30,3/18 10:53:00,9,3/18 11:08:00,9,0h 15m,21h 19m,3/17 13:34:00,2.58,Safety
Cindy Gallea,53,3/18 00:00:00,7,,,,22h 32m,3/17 01:28:00,2.44,Safety
Peter Kaiser,9,3/13 03:39:06,8,,,,3h 34m,3/13 00:05:00,6.17,Nome
Joar Leifseth Ulsom,28,3/13 03:51:22,8,,,,3h 6m,3/13 00:45:00,7.10,Nome
Jessie Royer,14,3/13 09:34:05,11,,,,4h 0m,3/13 05:34:00,5.50,Nome
Aliy Zirkle,19,3/13 17:26:56,11,,,,3h 44m,3/13 13:42:00,5.89,Nome
Travis Beals,51,3/13 18:37:25,8,,,,3h 45m,3/13 14:52:00,5.87,Nome
Matt Hall,3,3/13 21:03:15,8,,,,3h 21m,3/13 17:42:00,6.57,Nome
Paige Drobny,40,3/13 21:09:37,11,,,,3h 31m,3/13 17:38:00,6.26,Nome
Ramey Smyth,6,3/13 23:13:50,9,,,,3h 40m,3/13 19:33:00,6.00,Nome
Mitch Seavey,32,3/13 23:25:14,7,,,,3h 24m,3/13 20:01:00,6.47,Nome
Aaron Burmeister,38,3/14 00:34:25,9,,,,3h 48m,3/13 20:46:00,5.79,Nome
Richie Diehl,29,3/14 01:40:14,9,,,,3h 34m,3/13 22:06:00,6.17,Nome
Linwood Fiedler,15,3/14 03:09:50,11,,,,3h 0m,3/14 00:09:00,7.33,Nome
Jeff King,23,3/14 04:07:20,13,,,,3h 45m,3/14 00:22:00,5.87,Nome
Wade Marrs,36,3/14 05:26:07,9,,,,2h 38m,3/14 02:48:00,8.35,Nome
Jeff Deeter,25,3/14 11:48:12,7,,,,3h 2m,3/14 08:46:00,7.25,Nome
Kristy Berington,26,3/14 14:04:48,10,,,,3h 9m,3/14 10:55:00,6.98,Nome
Anna Berington,10,3/14 14:05:15,9,,,,3h 10m,3/14 10:55:00,6.95,Nome
Matthew Failor,17,3/14 16:03:21,10,,,,2h 45m,3/14 13:18:00,8.00,Nome
Seth Barnes,45,3/14 16:13:45,6,,,,3h 49m,3/14 12:24:00,5.76,Nome
Mats Pettersson,4,3/14 17:40:29,8,,,,4h 3m,3/14 13:37:00,5.43,Nome
Richie Beattie,50,3/14 22:01:31,9,,,,3h 36m,3/14 18:25:00,6.11,Nome
Ed Hopkins,33,3/14 23:07:34,10,,,,3h 12m,3/14 19:55:00,6.88,Nome
Martin Buser,21,3/15 01:16:24,12,,,,3h 21m,3/14 21:55:00,6.57,Nome
Aaron Peck,47,3/15 02:10:05,6,,,,3h 26m,3/14 22:44:00,6.41,Nome
Charley Bejna,31,3/15 03:34:33,7,,,,3h 40m,3/14 23:54:00,6.00,Nome
Michi Konno,43,3/15 03:59:36,8,,,,3h 44m,3/15 00:15:00,5.89,Nome
Lance Mackey,44,3/15 13:41:40,11,,,,3h 11m,3/15 10:30:00,6.91,Nome
Jessie Holmes,5,3/15 13:41:45,9,,,,3h 10m,3/15 10:31:00,6.95,Nome
Martin Apayauq Reitan,39,3/15 20:15:17,12,,,,2h 48m,3/15 17:27:00,7.86,Nome
Ryan Santiago,49,3/15 20:20:30,12,,,,3h 5m,3/15 17:15:00,7.14,Nome
Jason Campeau,12,3/15 21:49:24,8,,,,3h 26m,3/15 18:23:00,6.41,Nome
Jessica Klejka,24,3/15 22:12:35,11,,,,3h 9m,3/15 19:03:00,6.98,Nome
Alison Lifka,37,3/16 23:35:29,11,,,,3h 11m,3/16 20:24:00,6.91,Nome
Michael Baker,41,3/16 23:47:20,8,,,,3h 12m,3/16 20:35:00,6.88,Nome
Sarah Stokey,52,3/17 06:59:01,10,,,,16h 58m,3/16 14:01:00,1.30,Nome
Anja Radano,2,3/17 07:53:34,10,,,,3h 39m,3/17 04:14:00,6.03,Nome
Blair Braverman,11,3/17 10:17:02,8,,,,3h 47m,3/17 06:30:00,5.81,Nome
Jeremy Keller,48,3/17 13:52:20,8,,,,3h 33m,3/17 10:19:00,6.20,Nome
Kristin Bacon,8,3/17 20:38:26,10,,,,3h 35m,3/17 17:03:00,6.14,Nome
Victoria Hardwick,30,3/18 13:51:49,9,,,,2h 43m,3/18 11:08:00,8.10,Nome
