musher,checkName,checkPlace,index
Aaron Burmeister,Anvik,11,13
Aaron Burmeister,Eagle Island,12,15
Aaron Burmeister,Elim,9,20
Aaron Burmeister,Finger Lake,11,4
Aaron Burmeister,Grayling,12,14
Aaron Burmeister,Iditarod,18,11
Aaron Burmeister,Kaltag,15,16
Aaron Burmeister,Koyuk,10,19
Aaron Burmeister,McGrath,15,8
Aaron Burmeister,Nikolai,13,7
Aaron Burmeister,Nome,10,23
Aaron Burmeister,Ophir,4,10
Aaron Burmeister,Rainy Pass,26,5
Aaron Burmeister,Rohn,11,6
Aaron Burmeister,Safety,10,22
Aaron Burmeister,Shageluk,15,12
Aaron Burmeister,Shaktoolik,12,18
Aaron Burmeister,Skwentna,40,3
Aaron Burmeister,Takotna,16,9
Aaron Burmeister,Unalakleet,13,17
Aaron Burmeister,White Mountain,9,21
Aaron Burmeister,Willow,37,1
Aaron Burmeister,Yentna,32,2
Aaron Peck,Anvik,18,13
Aaron Peck,Eagle Island,29,15
Aaron Peck,Elim,21,20
Aaron Peck,Finger Lake,34,4
Aaron Peck,Grayling,31,14
Aaron Peck,Iditarod,28,11
Aaron Peck,Kaltag,27,16
Aaron Peck,Koyuk,22,19
Aaron Peck,McGrath,19,8
Aaron Peck,Nikolai,29,7
Aaron Peck,Nome,24,23
Aaron Peck,Ophir,21,10
Aaron Peck,Rainy Pass,21,5
Aaron Peck,Rohn,28,6
Aaron Peck,Safety,24,22
Aaron Peck,Shageluk,24,12
Aaron Peck,Shaktoolik,26,18
Aaron Peck,Skwentna,37,3
Aaron Peck,Takotna,29,9
Aaron Peck,Unalakleet,26,17
Aaron Peck,White Mountain,24,21
Aaron Peck,Willow,46,1
Aaron Peck,Yentna,44,2
Alison Lifka,Anvik,45,13
Alison Lifka,Eagle Island,42,15
Alison Lifka,Elim,35,20
Alison Lifka,Finger Lake,48,4
Alison Lifka,Grayling,45,14
Alison Lifka,Iditarod,45,11
Alison Lifka,Kaltag,42,16
Alison Lifka,Koyuk,35,19
Alison Lifka,McGrath,47,8
Alison Lifka,Nikolai,51,7
Alison Lifka,Nome,33,23
Alison Lifka,Ophir,51,10
Alison Lifka,Rainy Pass,49,5
Alison Lifka,Rohn,46,6
Alison Lifka,Safety,34,22
Alison Lifka,Shageluk,45,12
Alison Lifka,Shaktoolik,38,18
Alison Lifka,Skwentna,52,3
Alison Lifka,Takotna,38,9
Alison Lifka,Unalakleet,39,17
Alison Lifka,White Mountain,35,21
Alison Lifka,Willow,36,1
Alison Lifka,Yentna,39,2
Aliy Zirkle,Anvik,6,13
Aliy Zirkle,Eagle Island,6,15
Aliy Zirkle,Elim,4,20
Aliy Zirkle,Finger Lake,2,4
Aliy Zirkle,Grayling,6,14
Aliy Zirkle,Iditarod,1,11
Aliy Zirkle,Kaltag,6,16
Aliy Zirkle,Koyuk,4,19
Aliy Zirkle,McGrath,5,8
Aliy Zirkle,Nikolai,4,7
Aliy Zirkle,Nome,4,23
Aliy Zirkle,Ophir,2,10
Aliy Zirkle,Rainy Pass,8,5
Aliy Zirkle,Rohn,5,6
Aliy Zirkle,Safety,4,22
Aliy Zirkle,Shageluk,12,12
Aliy Zirkle,Shaktoolik,7,18
Aliy Zirkle,Skwentna,27,3
Aliy Zirkle,Takotna,11,9
Aliy Zirkle,Unalakleet,7,17
Aliy Zirkle,White Mountain,4,21
Aliy Zirkle,Willow,18,1
Aliy Zirkle,Yentna,17,2
Anja Radano,Anvik,43,13
Anja Radano,Eagle Island,45,15
Anja Radano,Elim,36,20
Anja Radano,Finger Lake,51,4
Anja Radano,Grayling,43,14
Anja Radano,Iditarod,42,11
Anja Radano,Kaltag,44,16
Anja Radano,Koyuk,36,19
Anja Radano,McGrath,42,8
Anja Radano,Nikolai,43,7
Anja Radano,Nome,36,23
Anja Radano,Ophir,43,10
Anja Radano,Rainy Pass,42,5
Anja Radano,Rohn,40,6
Anja Radano,Safety,36,22
Anja Radano,Shageluk,43,12
Anja Radano,Shaktoolik,39,18
Anja Radano,Skwentna,46,3
Anja Radano,Takotna,48,9
Anja Radano,Unalakleet,41,17
Anja Radano,White Mountain,37,21
Anja Radano,Willow,1,1
Anja Radano,Yentna,18,2
Anna Berington,Anvik,24,13
Anna Berington,Eagle Island,21,15
Anna Berington,Elim,18,20
Anna Berington,Finger Lake,19,4
Anna Berington,Grayling,22,14
Anna Berington,Iditarod,29,11
Anna Berington,Kaltag,20,16
Anna Berington,Koyuk,18,19
Anna Berington,McGrath,24,8
Anna Berington,Nikolai,31,7
Anna Berington,Nome,17,23
Anna Berington,Ophir,6,10
Anna Berington,Rainy Pass,30,5
Anna Berington,Rohn,19,6
Anna Berington,Safety,17,22
Anna Berington,Shageluk,26,12
Anna Berington,Shaktoolik,21,18
Anna Berington,Skwentna,6,3
Anna Berington,Takotna,23,9
Anna Berington,Unalakleet,22,17
Anna Berington,White Mountain,17,21
Anna Berington,Willow,9,1
Anna Berington,Yentna,13,2
Blair Braverman,Anvik,41,13
Blair Braverman,Eagle Island,41,15
Blair Braverman,Elim,38,20
Blair Braverman,Finger Lake,44,4
Blair Braverman,Grayling,41,14
Blair Braverman,Iditarod,41,11
Blair Braverman,Kaltag,41,16
Blair Braverman,Koyuk,38,19
Blair Braverman,McGrath,40,8
Blair Braverman,Nikolai,40,7
Blair Braverman,Nome,37,23
Blair Braverman,Ophir,44,10
Blair Braverman,Rainy Pass,48,5
Blair Braverman,Rohn,42,6
Blair Braverman,Safety,37,22
Blair Braverman,Shageluk,41,12
Blair Braverman,Shaktoolik,44,18
Blair Braverman,Skwentna,30,3
Blair Braverman,Takotna,46,9
Blair Braverman,Unalakleet,43,17
Blair Braverman,White Mountain,36,21
Blair Braverman,Willow,10,1
Blair Braverman,Yentna,10,2
Brett Bruggeman,Anvik,28,13
Brett Bruggeman,Eagle Island,25,15
Brett Bruggeman,Finger Lake,32,4
Brett Bruggeman,Grayling,25,14
Brett Bruggeman,Iditarod,24,11
Brett Bruggeman,Kaltag,25,16
Brett Bruggeman,McGrath,30,8
Brett Bruggeman,Nikolai,27,7
Brett Bruggeman,Ophir,27,10
Brett Bruggeman,Rainy Pass,22,5
Brett Bruggeman,Rohn,29,6
Brett Bruggeman,Shageluk,20,12
Brett Bruggeman,Shaktoolik,23,18
Brett Bruggeman,Skwentna,28,3
Brett Bruggeman,Takotna,35,9
Brett Bruggeman,Unalakleet,21,17
Brett Bruggeman,Willow,34,1
Brett Bruggeman,Yentna,29,2
Charley Bejna,Anvik,30,13
Charley Bejna,Eagle Island,28,15
Charley Bejna,Elim,24,20
Charley Bejna,Finger Lake,18,4
Charley Bejna,Grayling,28,14
Charley Bejna,Iditarod,26,11
Charley Bejna,Kaltag,28,16
Charley Bejna,Koyuk,23,19
Charley Bejna,McGrath,29,8
Charley Bejna,Nikolai,23,7
Charley Bejna,Nome,25,23
Charley Bejna,Ophir,29,10
Charley Bejna,Rainy Pass,25,5
Charley Bejna,Rohn,30,6
Charley Bejna,Safety,25,22
Charley Bejna,Shageluk,22,12
Charley Bejna,Shaktoolik,27,18
Charley Bejna,Skwentna,10,3
Charley Bejna,Takotna,19,9
Charley Bejna,Unalakleet,29,17
Charley Bejna,White Mountain,26,21
Charley Bejna,Willow,30,1
Charley Bejna,Yentna,27,2
Cindy Abbott,Finger Lake,42,4
Cindy Abbott,Iditarod,51,11
Cindy Abbott,McGrath,48,8
Cindy Abbott,Nikolai,50,7
Cindy Abbott,Ophir,47,10
Cindy Abbott,Rainy Pass,50,5
Cindy Abbott,Rohn,51,6
Cindy Abbott,Skwentna,26,3
Cindy Abbott,Takotna,51,9
Cindy Abbott,Willow,15,1
Cindy Abbott,Yentna,24,2
Cindy Gallea,Anvik,46,13
Cindy Gallea,Eagle Island,47,15
Cindy Gallea,Elim,41,20
Cindy Gallea,Finger Lake,40,4
Cindy Gallea,Grayling,46,14
Cindy Gallea,Iditarod,48,11
Cindy Gallea,Kaltag,48,16
Cindy Gallea,Koyuk,41,19
Cindy Gallea,McGrath,49,8
Cindy Gallea,Nikolai,49,7
Cindy Gallea,Ophir,49,10
Cindy Gallea,Rainy Pass,46,5
Cindy Gallea,Rohn,50,6
Cindy Gallea,Safety,40,22
Cindy Gallea,Shageluk,48,12
Cindy Gallea,Shaktoolik,43,18
Cindy Gallea,Skwentna,21,3
Cindy Gallea,Takotna,32,9
Cindy Gallea,Unalakleet,46,17
Cindy Gallea,White Mountain,39,21
Cindy Gallea,Willow,52,1
Cindy Gallea,Yentna,49,2
Ed Hopkins,Anvik,35,13
Ed Hopkins,Eagle Island,34,15
Ed Hopkins,Elim,25,20
Ed Hopkins,Finger Lake,36,4
Ed Hopkins,Grayling,35,14
Ed Hopkins,Iditarod,35,11
Ed Hopkins,Kaltag,34,16
Ed Hopkins,Koyuk,28,19
Ed Hopkins,McGrath,31,8
Ed Hopkins,Nikolai,28,7
Ed Hopkins,Nome,22,23
Ed Hopkins,Ophir,33,10
Ed Hopkins,Rainy Pass,34,5
Ed Hopkins,Rohn,34,6
Ed Hopkins,Safety,22,22
Ed Hopkins,Shageluk,34,12
Ed Hopkins,Shaktoolik,31,18
Ed Hopkins,Skwentna,39,3
Ed Hopkins,Takotna,22,9
Ed Hopkins,Unalakleet,32,17
Ed Hopkins,White Mountain,23,21
Ed Hopkins,Willow,32,1
Ed Hopkins,Yentna,28,2
Emily Maxwell,Finger Lake,28,4
Emily Maxwell,Iditarod,46,11
Emily Maxwell,McGrath,37,8
Emily Maxwell,Nikolai,41,7
Emily Maxwell,Ophir,39,10
Emily Maxwell,Rainy Pass,38,5
Emily Maxwell,Rohn,31,6
Emily Maxwell,Skwentna,8,3
Emily Maxwell,Takotna,44,9
Emily Maxwell,Willow,17,1
Emily Maxwell,Yentna,19,2
Jason Campeau,Anvik,21,13
Jason Campeau,Eagle Island,22,15
Jason Campeau,Elim,30,20
Jason Campeau,Finger Lake,6,4
Jason Campeau,Grayling,19,14
Jason Campeau,Iditarod,25,11
Jason Campeau,Kaltag,33,16
Jason Campeau,Koyuk,30,19
Jason Campeau,McGrath,28,8
Jason Campeau,Nikolai,26,7
Jason Campeau,Nome,31,23
Jason Campeau,Ophir,31,10
Jason Campeau,Rainy Pass,12,5
Jason Campeau,Rohn,16,6
Jason Campeau,Safety,31,22
Jason Campeau,Shageluk,19,12
Jason Campeau,Shaktoolik,33,18
Jason Campeau,Skwentna,33,3
Jason Campeau,Takotna,18,9
Jason Campeau,Unalakleet,34,17
Jason Campeau,White Mountain,31,21
Jason Campeau,Willow,11,1
Jason Campeau,Yentna,7,2
Jeff Deeter,Anvik,31,13
Jeff Deeter,Eagle Island,33,15
Jeff Deeter,Elim,16,20
Jeff Deeter,Finger Lake,38,4
Jeff Deeter,Grayling,30,14
Jeff Deeter,Iditarod,27,11
Jeff Deeter,Kaltag,32,16
Jeff Deeter,Koyuk,20,19
Jeff Deeter,McGrath,27,8
Jeff Deeter,Nikolai,25,7
Jeff Deeter,Nome,15,23
Jeff Deeter,Ophir,26,10
Jeff Deeter,Rainy Pass,24,5
Jeff Deeter,Rohn,27,6
Jeff Deeter,Safety,15,22
Jeff Deeter,Shageluk,27,12
Jeff Deeter,Shaktoolik,25,18
Jeff Deeter,Skwentna,25,3
Jeff Deeter,Takotna,34,9
Jeff Deeter,Unalakleet,25,17
Jeff Deeter,White Mountain,15,21
Jeff Deeter,Willow,24,1
Jeff Deeter,Yentna,51,2
Jeff King,Anvik,14,13
Jeff King,Eagle Island,26,15
Jeff King,Elim,12,20
Jeff King,Finger Lake,22,4
Jeff King,Grayling,29,14
Jeff King,Iditarod,19,11
Jeff King,Kaltag,21,16
Jeff King,Koyuk,12,19
Jeff King,McGrath,26,8
Jeff King,Nikolai,24,7
Jeff King,Nome,13,23
Jeff King,Ophir,25,10
Jeff King,Rainy Pass,16,5
Jeff King,Rohn,25,6
Jeff King,Safety,13,22
Jeff King,Shageluk,21,12
Jeff King,Shaktoolik,16,18
Jeff King,Skwentna,5,3
Jeff King,Takotna,17,9
Jeff King,Unalakleet,18,17
Jeff King,White Mountain,13,21
Jeff King,Willow,22,1
Jeff King,Yentna,15,2
Jeremy Keller,Anvik,48,13
Jeremy Keller,Eagle Island,48,15
Jeremy Keller,Elim,40,20
Jeremy Keller,Finger Lake,41,4
Jeremy Keller,Grayling,48,14
Jeremy Keller,Iditarod,50,11
Jeremy Keller,Kaltag,46,16
Jeremy Keller,Koyuk,40,19
Jeremy Keller,McGrath,51,8
Jeremy Keller,Nikolai,48,7
Jeremy Keller,Nome,38,23
Jeremy Keller,Ophir,50,10
Jeremy Keller,Rainy Pass,51,5
Jeremy Keller,Rohn,48,6
Jeremy Keller,Safety,38,22
Jeremy Keller,Shageluk,46,12
Jeremy Keller,Shaktoolik,41,18
Jeremy Keller,Skwentna,15,3
Jeremy Keller,Takotna,49,9
Jeremy Keller,Unalakleet,45,17
Jeremy Keller,White Mountain,38,21
Jeremy Keller,Willow,47,1
Jeremy Keller,Yentna,47,2
Jessica Klejka,Anvik,36,13
Jessica Klejka,Eagle Island,36,15
Jessica Klejka,Elim,32,20
Jessica Klejka,Finger Lake,25,4
Jessica Klejka,Grayling,36,14
Jessica Klejka,Iditarod,36,11
Jessica Klejka,Kaltag,36,16
Jessica Klejka,Koyuk,32,19
Jessica Klejka,McGrath,34,8
Jessica Klejka,Nikolai,33,7
Jessica Klejka,Nome,32,23
Jessica Klejka,Ophir,36,10
Jessica Klejka,Rainy Pass,36,5
Jessica Klejka,Rohn,38,6
Jessica Klejka,Safety,32,22
Jessica Klejka,Shageluk,36,12
Jessica Klejka,Shaktoolik,34,18
Jessica Klejka,Skwentna,22,3
Jessica Klejka,Takotna,41,9
Jessica Klejka,Unalakleet,35,17
Jessica Klejka,White Mountain,32,21
Jessica Klejka,Willow,23,1
Jessica Klejka,Yentna,20,2
Jessie Holmes,Anvik,12,13
Jessie Holmes,Eagle Island,10,15
Jessie Holmes,Elim,23,20
Jessie Holmes,Finger Lake,16,4
Jessie Holmes,Grayling,11,14
Jessie Holmes,Iditarod,10,11
Jessie Holmes,Kaltag,7,16
Jessie Holmes,Koyuk,5,19
Jessie Holmes,McGrath,11,8
Jessie Holmes,Nikolai,11,7
Jessie Holmes,Nome,28,23
Jessie Holmes,Ophir,3,10
Jessie Holmes,Rainy Pass,4,5
Jessie Holmes,Rohn,6,6
Jessie Holmes,Safety,27,22
Jessie Holmes,Shageluk,11,12
Jessie Holmes,Shaktoolik,6,18
Jessie Holmes,Skwentna,1,3
Jessie Holmes,Takotna,13,9
Jessie Holmes,Unalakleet,6,17
Jessie Holmes,White Mountain,21,21
Jessie Holmes,Willow,4,1
Jessie Holmes,Yentna,1,2
Jessie Royer,Anvik,3,13
Jessie Royer,Eagle Island,8,15
Jessie Royer,Elim,3,20
Jessie Royer,Finger Lake,5,4
Jessie Royer,Grayling,3,14
Jessie Royer,Iditarod,5,11
Jessie Royer,Kaltag,4,16
Jessie Royer,Koyuk,3,19
Jessie Royer,McGrath,3,8
Jessie Royer,Nikolai,3,7
Jessie Royer,Nome,3,23
Jessie Royer,Ophir,9,10
Jessie Royer,Rainy Pass,9,5
Jessie Royer,Rohn,7,6
Jessie Royer,Safety,3,22
Jessie Royer,Shageluk,3,12
Jessie Royer,Shaktoolik,4,18
Jessie Royer,Skwentna,32,3
Jessie Royer,Takotna,2,9
Jessie Royer,Unalakleet,4,17
Jessie Royer,White Mountain,3,21
Jessie Royer,Willow,13,1
Jessie Royer,Yentna,9,2
Joar Leifseth Ulsom,Anvik,2,13
Joar Leifseth Ulsom,Eagle Island,1,15
Joar Leifseth Ulsom,Elim,2,20
Joar Leifseth Ulsom,Finger Lake,3,4
Joar Leifseth Ulsom,Grayling,2,14
Joar Leifseth Ulsom,Iditarod,3,11
Joar Leifseth Ulsom,Kaltag,3,16
Joar Leifseth Ulsom,Koyuk,2,19
Joar Leifseth Ulsom,McGrath,2,8
Joar Leifseth Ulsom,Nikolai,1,7
Joar Leifseth Ulsom,Nome,2,23
Joar Leifseth Ulsom,Ophir,8,10
Joar Leifseth Ulsom,Rainy Pass,7,5
Joar Leifseth Ulsom,Rohn,3,6
Joar Leifseth Ulsom,Safety,2,22
Joar Leifseth Ulsom,Shageluk,1,12
Joar Leifseth Ulsom,Shaktoolik,3,18
Joar Leifseth Ulsom,Skwentna,29,3
Joar Leifseth Ulsom,Takotna,1,9
Joar Leifseth Ulsom,Unalakleet,3,17
Joar Leifseth Ulsom,White Mountain,2,21
Joar Leifseth Ulsom,Willow,27,1
Joar Leifseth Ulsom,Yentna,21,2
Kristin Bacon,Anvik,42,13
Kristin Bacon,Eagle Island,44,15
Kristin Bacon,Elim,37,20
Kristin Bacon,Finger Lake,50,4
Kristin Bacon,Grayling,42,14
Kristin Bacon,Iditarod,43,11
Kristin Bacon,Kaltag,45,16
Kristin Bacon,Koyuk,37,19
Kristin Bacon,McGrath,45,8
Kristin Bacon,Nikolai,44,7
Kristin Bacon,Nome,39,23
Kristin Bacon,Ophir,45,10
Kristin Bacon,Rainy Pass,40,5
Kristin Bacon,Rohn,44,6
Kristin Bacon,Safety,39,22
Kristin Bacon,Shageluk,44,12
Kristin Bacon,Shaktoolik,40,18
Kristin Bacon,Skwentna,48,3
Kristin Bacon,Takotna,26,9
Kristin Bacon,Unalakleet,42,17
Kristin Bacon,White Mountain,40,21
Kristin Bacon,Willow,7,1
Kristin Bacon,Yentna,30,2
Kristy Berington,Anvik,23,13
Kristy Berington,Eagle Island,20,15
Kristy Berington,Elim,17,20
Kristy Berington,Finger Lake,20,4
Kristy Berington,Grayling,21,14
Kristy Berington,Iditarod,30,11
Kristy Berington,Kaltag,18,16
Kristy Berington,Koyuk,17,19
Kristy Berington,McGrath,23,8
Kristy Berington,Nikolai,32,7
Kristy Berington,Nome,16,23
Kristy Berington,Ophir,7,10
Kristy Berington,Rainy Pass,29,5
Kristy Berington,Rohn,18,6
Kristy Berington,Safety,16,22
Kristy Berington,Shageluk,25,12
Kristy Berington,Shaktoolik,20,18
Kristy Berington,Skwentna,9,3
Kristy Berington,Takotna,24,9
Kristy Berington,Unalakleet,23,17
Kristy Berington,White Mountain,16,21
Kristy Berington,Willow,25,1
Kristy Berington,Yentna,23,2
Lance Mackey,Anvik,25,13
Lance Mackey,Eagle Island,27,15
Lance Mackey,Elim,29,20
Lance Mackey,Finger Lake,26,4
Lance Mackey,Grayling,24,14
Lance Mackey,Iditarod,32,11
Lance Mackey,Kaltag,24,16
Lance Mackey,Koyuk,25,19
Lance Mackey,McGrath,36,8
Lance Mackey,Nikolai,35,7
Lance Mackey,Nome,27,23
Lance Mackey,Ophir,37,10
Lance Mackey,Rainy Pass,35,5
Lance Mackey,Rohn,35,6
Lance Mackey,Safety,28,22
Lance Mackey,Shageluk,33,12
Lance Mackey,Shaktoolik,29,18
Lance Mackey,Skwentna,34,3
Lance Mackey,Takotna,42,9
Lance Mackey,Unalakleet,28,17
Lance Mackey,White Mountain,28,21
Lance Mackey,Willow,43,1
Lance Mackey,Yentna,37,2
Lev Shvarts,Anvik,20,13
Lev Shvarts,Eagle Island,18,15
Lev Shvarts,Finger Lake,29,4
Lev Shvarts,Grayling,18,14
Lev Shvarts,Iditarod,21,11
Lev Shvarts,Kaltag,22,16
Lev Shvarts,McGrath,17,8
Lev Shvarts,Nikolai,18,7
Lev Shvarts,Ophir,20,10
Lev Shvarts,Rainy Pass,18,5
Lev Shvarts,Rohn,24,6
Lev Shvarts,Shageluk,17,12
Lev Shvarts,Skwentna,35,3
Lev Shvarts,Takotna,30,9
Lev Shvarts,Unalakleet,30,17
Lev Shvarts,Willow,12,1
Lev Shvarts,Yentna,8,2
Linwood Fiedler,Anvik,19,13
Linwood Fiedler,Eagle Island,17,15
Linwood Fiedler,Elim,13,20
Linwood Fiedler,Finger Lake,1,4
Linwood Fiedler,Grayling,17,14
Linwood Fiedler,Iditarod,17,11
Linwood Fiedler,Kaltag,16,16
Linwood Fiedler,Koyuk,14,19
Linwood Fiedler,McGrath,18,8
Linwood Fiedler,Nikolai,15,7
Linwood Fiedler,Nome,12,23
Linwood Fiedler,Ophir,23,10
Linwood Fiedler,Rainy Pass,6,5
Linwood Fiedler,Rohn,9,6
Linwood Fiedler,Safety,12,22
Linwood Fiedler,Shageluk,16,12
Linwood Fiedler,Shaktoolik,18,18
Linwood Fiedler,Skwentna,13,3
Linwood Fiedler,Takotna,15,9
Linwood Fiedler,Unalakleet,15,17
Linwood Fiedler,White Mountain,12,21
Linwood Fiedler,Willow,14,1
Linwood Fiedler,Yentna,5,2
Marcelle Fressineau,Finger Lake,46,4
Marcelle Fressineau,Iditarod,47,11
Marcelle Fressineau,McGrath,46,8
Marcelle Fressineau,Nikolai,47,7
Marcelle Fressineau,Ophir,34,10
Marcelle Fressineau,Rainy Pass,45,5
Marcelle Fressineau,Rohn,49,6
Marcelle Fressineau,Skwentna,20,3
Marcelle Fressineau,Takotna,39,9
Marcelle Fressineau,Willow,26,1
Marcelle Fressineau,Yentna,25,2
Martin Apayauq Reitan,Anvik,37,13
Martin Apayauq Reitan,Eagle Island,37,15
Martin Apayauq Reitan,Elim,33,20
Martin Apayauq Reitan,Finger Lake,35,4
Martin Apayauq Reitan,Grayling,37,14
Martin Apayauq Reitan,Iditarod,37,11
Martin Apayauq Reitan,Kaltag,39,16
Martin Apayauq Reitan,Koyuk,33,19
Martin Apayauq Reitan,McGrath,41,8
Martin Apayauq Reitan,Nikolai,38,7
Martin Apayauq Reitan,Nome,29,23
Martin Apayauq Reitan,Ophir,42,10
Martin Apayauq Reitan,Rainy Pass,41,5
Martin Apayauq Reitan,Rohn,47,6
Martin Apayauq Reitan,Safety,30,22
Martin Apayauq Reitan,Shageluk,38,12
Martin Apayauq Reitan,Shaktoolik,36,18
Martin Apayauq Reitan,Skwentna,23,3
Martin Apayauq Reitan,Takotna,25,9
Martin Apayauq Reitan,Unalakleet,36,17
Martin Apayauq Reitan,White Mountain,30,21
Martin Apayauq Reitan,Willow,38,1
Martin Apayauq Reitan,Yentna,40,2
Martin Buser,Anvik,33,13
Martin Buser,Eagle Island,31,15
Martin Buser,Elim,26,20
Martin Buser,Finger Lake,37,4
Martin Buser,Grayling,32,14
Martin Buser,Iditarod,4,11
Martin Buser,Kaltag,30,16
Martin Buser,Koyuk,27,19
Martin Buser,McGrath,22,8
Martin Buser,Nikolai,20,7
Martin Buser,Nome,23,23
Martin Buser,Ophir,5,10
Martin Buser,Rainy Pass,23,5
Martin Buser,Rohn,26,6
Martin Buser,Safety,23,22
Martin Buser,Shageluk,31,12
Martin Buser,Shaktoolik,30,18
Martin Buser,Skwentna,41,3
Martin Buser,Takotna,21,9
Martin Buser,Unalakleet,31,17
Martin Buser,White Mountain,25,21
Martin Buser,Willow,20,1
Martin Buser,Yentna,11,2
Mats Pettersson,Anvik,15,13
Mats Pettersson,Eagle Island,13,15
Mats Pettersson,Elim,14,20
Mats Pettersson,Finger Lake,10,4
Mats Pettersson,Grayling,14,14
Mats Pettersson,Iditarod,15,11
Mats Pettersson,Kaltag,11,16
Mats Pettersson,Koyuk,15,19
Mats Pettersson,McGrath,16,8
Mats Pettersson,Nikolai,14,7
Mats Pettersson,Nome,20,23
Mats Pettersson,Ophir,22,10
Mats Pettersson,Rainy Pass,10,5
Mats Pettersson,Rohn,13,6
Mats Pettersson,Safety,20,22
Mats Pettersson,Shageluk,13,12
Mats Pettersson,Shaktoolik,14,18
Mats Pettersson,Skwentna,3,3
Mats Pettersson,Takotna,12,9
Mats Pettersson,Unalakleet,14,17
Mats Pettersson,White Mountain,19,21
Mats Pettersson,Willow,3,1
Mats Pettersson,Yentna,2,2
Matt Hall,Anvik,13,13
Matt Hall,Eagle Island,16,15
Matt Hall,Elim,5,20
Matt Hall,Finger Lake,14,4
Matt Hall,Grayling,13,14
Matt Hall,Iditarod,13,11
Matt Hall,Kaltag,13,16
Matt Hall,Koyuk,7,19
Matt Hall,McGrath,6,8
Matt Hall,Nikolai,5,7
Matt Hall,Nome,6,23
Matt Hall,Ophir,14,10
Matt Hall,Rainy Pass,5,5
Matt Hall,Rohn,8,6
Matt Hall,Safety,7,22
Matt Hall,Shageluk,10,12
Matt Hall,Shaktoolik,9,18
Matt Hall,Skwentna,2,3
Matt Hall,Takotna,5,9
Matt Hall,Unalakleet,9,17
Matt Hall,White Mountain,5,21
Matt Hall,Willow,2,1
Matt Hall,Yentna,3,2
Matthew Failor,Anvik,9,13
Matthew Failor,Eagle Island,9,15
Matthew Failor,Elim,20,20
Matthew Failor,Finger Lake,12,4
Matthew Failor,Grayling,9,14
Matthew Failor,Iditarod,11,11
Matthew Failor,Kaltag,8,16
Matthew Failor,Koyuk,21,19
Matthew Failor,McGrath,12,8
Matthew Failor,Nikolai,12,7
Matthew Failor,Nome,18,23
Matthew Failor,Ophir,15,10
Matthew Failor,Rainy Pass,20,5
Matthew Failor,Rohn,15,6
Matthew Failor,Safety,19,22
Matthew Failor,Shageluk,8,12
Matthew Failor,Shaktoolik,8,18
Matthew Failor,Skwentna,19,3
Matthew Failor,Takotna,9,9
Matthew Failor,Unalakleet,8,17
Matthew Failor,White Mountain,20,21
Matthew Failor,Willow,16,1
Matthew Failor,Yentna,4,2
Michael Baker,Anvik,44,13
Michael Baker,Eagle Island,43,15
Michael Baker,Elim,34,20
Michael Baker,Finger Lake,45,4
Michael Baker,Grayling,44,14
Michael Baker,Iditarod,44,11
Michael Baker,Kaltag,43,16
Michael Baker,Koyuk,34,19
Michael Baker,McGrath,43,8
Michael Baker,Nikolai,45,7
Michael Baker,Nome,34,23
Michael Baker,Ophir,46,10
Michael Baker,Rainy Pass,44,5
Michael Baker,Rohn,43,6
Michael Baker,Safety,35,22
Michael Baker,Shageluk,42,12
Michael Baker,Shaktoolik,37,18
Michael Baker,Skwentna,47,3
Michael Baker,Takotna,33,9
Michael Baker,Unalakleet,38,17
Michael Baker,White Mountain,34,21
Michael Baker,Willow,40,1
Michael Baker,Yentna,34,2
Michi Konno,Anvik,22,13
Michi Konno,Eagle Island,23,15
Michi Konno,Elim,27,20
Michi Konno,Finger Lake,27,4
Michi Konno,Grayling,23,14
Michi Konno,Iditarod,23,11
Michi Konno,Kaltag,19,16
Michi Konno,Koyuk,26,19
Michi Konno,McGrath,25,8
Michi Konno,Nikolai,22,7
Michi Konno,Nome,26,23
Michi Konno,Ophir,28,10
Michi Konno,Rainy Pass,15,5
Michi Konno,Rohn,23,6
Michi Konno,Safety,26,22
Michi Konno,Shageluk,18,12
Michi Konno,Shaktoolik,22,18
Michi Konno,Skwentna,24,3
Michi Konno,Takotna,20,9
Michi Konno,Unalakleet,20,17
Michi Konno,White Mountain,27,21
Michi Konno,Willow,42,1
Michi Konno,Yentna,36,2
Mitch Seavey,Anvik,5,13
Mitch Seavey,Eagle Island,4,15
Mitch Seavey,Elim,6,20
Mitch Seavey,Finger Lake,13,4
Mitch Seavey,Grayling,5,14
Mitch Seavey,Iditarod,8,11
Mitch Seavey,Kaltag,5,16
Mitch Seavey,Koyuk,6,19
Mitch Seavey,McGrath,10,8
Mitch Seavey,Nikolai,10,7
Mitch Seavey,Nome,9,23
Mitch Seavey,Ophir,13,10
Mitch Seavey,Rainy Pass,17,5
Mitch Seavey,Rohn,10,6
Mitch Seavey,Safety,9,22
Mitch Seavey,Shageluk,5,12
Mitch Seavey,Shaktoolik,5,18
Mitch Seavey,Skwentna,12,3
Mitch Seavey,Takotna,8,9
Mitch Seavey,Unalakleet,5,17
Mitch Seavey,White Mountain,10,21
Mitch Seavey,Willow,31,1
Mitch Seavey,Yentna,33,2
Nicolas Petit,Anvik,1,13
Nicolas Petit,Eagle Island,3,15
Nicolas Petit,Finger Lake,9,4
Nicolas Petit,Grayling,1,14
Nicolas Petit,Iditarod,2,11
Nicolas Petit,Kaltag,2,16
Nicolas Petit,McGrath,1,8
Nicolas Petit,Nikolai,6,7
Nicolas Petit,Ophir,1,10
Nicolas Petit,Rainy Pass,1,5
Nicolas Petit,Rohn,1,6
Nicolas Petit,Shageluk,2,12
Nicolas Petit,Shaktoolik,1,18
Nicolas Petit,Skwentna,4,3
Nicolas Petit,Takotna,4,9
Nicolas Petit,Unalakleet,1,17
Nicolas Petit,Willow,19,1
Nicolas Petit,Yentna,14,2
Niklas Wikstrand,Anvik,38,13
Niklas Wikstrand,Eagle Island,38,15
Niklas Wikstrand,Finger Lake,39,4
Niklas Wikstrand,Grayling,38,14
Niklas Wikstrand,Iditarod,39,11
Niklas Wikstrand,Kaltag,38,16
Niklas Wikstrand,McGrath,39,8
Niklas Wikstrand,Nikolai,42,7
Niklas Wikstrand,Ophir,40,10
Niklas Wikstrand,Rainy Pass,43,5
Niklas Wikstrand,Rohn,41,6
Niklas Wikstrand,Shageluk,37,12
Niklas Wikstrand,Skwentna,44,3
Niklas Wikstrand,Takotna,45,9
Niklas Wikstrand,Willow,41,1
Niklas Wikstrand,Yentna,41,2
Paige Drobny,Anvik,10,13
Paige Drobny,Eagle Island,11,15
Paige Drobny,Elim,8,20
Paige Drobny,Finger Lake,33,4
Paige Drobny,Grayling,10,14
Paige Drobny,Iditarod,12,11
Paige Drobny,Kaltag,12,16
Paige Drobny,Koyuk,9,19
Paige Drobny,McGrath,13,8
Paige Drobny,Nikolai,16,7
Paige Drobny,Nome,7,23
Paige Drobny,Ophir,17,10
Paige Drobny,Rainy Pass,19,5
Paige Drobny,Rohn,22,6
Paige Drobny,Safety,6,22
Paige Drobny,Shageluk,9,12
Paige Drobny,Shaktoolik,10,18
Paige Drobny,Skwentna,38,3
Paige Drobny,Takotna,10,9
Paige Drobny,Unalakleet,10,17
Paige Drobny,White Mountain,7,21
Paige Drobny,Willow,39,1
Paige Drobny,Yentna,31,2
Peter Kaiser,Anvik,4,13
Peter Kaiser,Eagle Island,2,15
Peter Kaiser,Elim,1,20
Peter Kaiser,Finger Lake,7,4
Peter Kaiser,Grayling,4,14
Peter Kaiser,Iditarod,6,11
Peter Kaiser,Kaltag,1,16
Peter Kaiser,Koyuk,1,19
Peter Kaiser,McGrath,4,8
Peter Kaiser,Nikolai,2,7
Peter Kaiser,Nome,1,23
Peter Kaiser,Ophir,10,10
Peter Kaiser,Rainy Pass,2,5
Peter Kaiser,Rohn,2,6
Peter Kaiser,Safety,1,22
Peter Kaiser,Shageluk,4,12
Peter Kaiser,Shaktoolik,2,18
Peter Kaiser,Skwentna,17,3
Peter Kaiser,Takotna,3,9
Peter Kaiser,Unalakleet,2,17
Peter Kaiser,White Mountain,1,21
Peter Kaiser,Willow,8,1
Peter Kaiser,Yentna,6,2
Ramey Smyth,Anvik,17,13
Ramey Smyth,Eagle Island,15,15
Ramey Smyth,Elim,10,20
Ramey Smyth,Finger Lake,21,4
Ramey Smyth,Grayling,16,14
Ramey Smyth,Iditarod,22,11
Ramey Smyth,Kaltag,17,16
Ramey Smyth,Koyuk,11,19
Ramey Smyth,McGrath,21,8
Ramey Smyth,Nikolai,21,7
Ramey Smyth,Nome,8,23
Ramey Smyth,Ophir,24,10
Ramey Smyth,Rainy Pass,32,5
Ramey Smyth,Rohn,21,6
Ramey Smyth,Safety,8,22
Ramey Smyth,Shageluk,23,12
Ramey Smyth,Shaktoolik,17,18
Ramey Smyth,Skwentna,7,3
Ramey Smyth,Takotna,31,9
Ramey Smyth,Unalakleet,16,17
Ramey Smyth,White Mountain,8,21
Ramey Smyth,Willow,5,1
Ramey Smyth,Yentna,12,2
Richie Beattie,Anvik,34,13
Richie Beattie,Eagle Island,32,15
Richie Beattie,Elim,22,20
Richie Beattie,Finger Lake,43,4
Richie Beattie,Grayling,34,14
Richie Beattie,Iditarod,33,11
Richie Beattie,Kaltag,29,16
Richie Beattie,Koyuk,24,19
Richie Beattie,McGrath,33,8
Richie Beattie,Nikolai,34,7
Richie Beattie,Nome,21,23
Richie Beattie,Ophir,32,10
Richie Beattie,Rainy Pass,27,5
Richie Beattie,Rohn,36,6
Richie Beattie,Safety,21,22
Richie Beattie,Shageluk,32,12
Richie Beattie,Shaktoolik,28,18
Richie Beattie,Skwentna,45,3
Richie Beattie,Takotna,37,9
Richie Beattie,Unalakleet,27,17
Richie Beattie,White Mountain,22,21
Richie Beattie,Willow,49,1
Richie Beattie,Yentna,50,2
Richie Diehl,Anvik,7,13
Richie Diehl,Eagle Island,5,15
Richie Diehl,Elim,11,20
Richie Diehl,Finger Lake,4,4
Richie Diehl,Grayling,7,14
Richie Diehl,Iditarod,7,11
Richie Diehl,Kaltag,9,16
Richie Diehl,Koyuk,13,19
Richie Diehl,McGrath,8,8
Richie Diehl,Nikolai,8,7
Richie Diehl,Nome,11,23
Richie Diehl,Ophir,11,10
Richie Diehl,Rainy Pass,13,5
Richie Diehl,Rohn,12,6
Richie Diehl,Safety,11,22
Richie Diehl,Shageluk,6,12
Richie Diehl,Shaktoolik,15,18
Richie Diehl,Skwentna,31,3
Richie Diehl,Takotna,6,9
Richie Diehl,Unalakleet,17,17
Richie Diehl,White Mountain,11,21
Richie Diehl,Willow,28,1
Richie Diehl,Yentna,22,2
Robert Redington,Anvik,32,13
Robert Redington,Eagle Island,30,15
Robert Redington,Finger Lake,24,4
Robert Redington,Grayling,33,14
Robert Redington,Iditarod,34,11
Robert Redington,Kaltag,31,16
Robert Redington,McGrath,35,8
Robert Redington,Nikolai,36,7
Robert Redington,Ophir,35,10
Robert Redington,Rainy Pass,33,5
Robert Redington,Rohn,32,6
Robert Redington,Shageluk,35,12
Robert Redington,Skwentna,49,3
Robert Redington,Takotna,40,9
Robert Redington,Willow,33,1
Robert Redington,Yentna,42,2
Ryan Redington,Anvik,8,13
Ryan Redington,Eagle Island,7,15
Ryan Redington,Finger Lake,8,4
Ryan Redington,Grayling,8,14
Ryan Redington,Iditarod,9,11
Ryan Redington,Kaltag,10,16
Ryan Redington,McGrath,7,8
Ryan Redington,Nikolai,7,7
Ryan Redington,Ophir,12,10
Ryan Redington,Rainy Pass,3,5
Ryan Redington,Rohn,4,6
Ryan Redington,Shageluk,7,12
Ryan Redington,Shaktoolik,13,18
Ryan Redington,Skwentna,11,3
Ryan Redington,Takotna,7,9
Ryan Redington,Unalakleet,12,17
Ryan Redington,Willow,21,1
Ryan Redington,Yentna,16,2
Ryan Santiago,Anvik,40,13
Ryan Santiago,Eagle Island,40,15
Ryan Santiago,Elim,31,20
Ryan Santiago,Finger Lake,49,4
Ryan Santiago,Grayling,40,14
Ryan Santiago,Iditarod,40,11
Ryan Santiago,Kaltag,37,16
Ryan Santiago,Koyuk,31,19
Ryan Santiago,McGrath,44,8
Ryan Santiago,Nikolai,46,7
Ryan Santiago,Nome,30,23
Ryan Santiago,Ophir,41,10
Ryan Santiago,Rainy Pass,47,5
Ryan Santiago,Rohn,45,6
Ryan Santiago,Safety,29,22
Ryan Santiago,Shageluk,40,12
Ryan Santiago,Shaktoolik,35,18
Ryan Santiago,Skwentna,51,3
Ryan Santiago,Takotna,47,9
Ryan Santiago,Unalakleet,37,17
Ryan Santiago,White Mountain,29,21
Ryan Santiago,Willow,48,1
Ryan Santiago,Yentna,43,2
Sarah Stokey,Anvik,29,13
Sarah Stokey,Eagle Island,35,15
Sarah Stokey,Elim,28,20
Sarah Stokey,Finger Lake,23,4
Sarah Stokey,Grayling,27,14
Sarah Stokey,Iditarod,20,11
Sarah Stokey,Kaltag,35,16
Sarah Stokey,Koyuk,29,19
Sarah Stokey,McGrath,20,8
Sarah Stokey,Nikolai,19,7
Sarah Stokey,Nome,35,23
Sarah Stokey,Ophir,19,10
Sarah Stokey,Rainy Pass,11,5
Sarah Stokey,Rohn,20,6
Sarah Stokey,Safety,33,22
Sarah Stokey,Shageluk,28,12
Sarah Stokey,Shaktoolik,32,18
Sarah Stokey,Skwentna,16,3
Sarah Stokey,Takotna,28,9
Sarah Stokey,Unalakleet,33,17
Sarah Stokey,White Mountain,33,21
Sarah Stokey,Willow,51,1
Sarah Stokey,Yentna,46,2
Sebastien Dos Santos Borges,Anvik,39,13
Sebastien Dos Santos Borges,Eagle Island,39,15
Sebastien Dos Santos Borges,Finger Lake,47,4
Sebastien Dos Santos Borges,Grayling,39,14
Sebastien Dos Santos Borges,Iditarod,38,11
Sebastien Dos Santos Borges,Kaltag,40,16
Sebastien Dos Santos Borges,McGrath,38,8
Sebastien Dos Santos Borges,Nikolai,37,7
Sebastien Dos Santos Borges,Ophir,38,10
Sebastien Dos Santos Borges,Rainy Pass,28,5
Sebastien Dos Santos Borges,Rohn,37,6
Sebastien Dos Santos Borges,Shageluk,39,12
Sebastien Dos Santos Borges,Skwentna,43,3
Sebastien Dos Santos Borges,Takotna,43,9
Sebastien Dos Santos Borges,Unalakleet,40,17
Sebastien Dos Santos Borges,Willow,45,1
Sebastien Dos Santos Borges,Yentna,48,2
Seth Barnes,Anvik,27,13
Seth Barnes,Eagle Island,24,15
Seth Barnes,Elim,19,20
Seth Barnes,Finger Lake,30,4
Seth Barnes,Grayling,26,14
Seth Barnes,Iditarod,31,11
Seth Barnes,Kaltag,26,16
Seth Barnes,Koyuk,19,19
Seth Barnes,McGrath,32,8
Seth Barnes,Nikolai,30,7
Seth Barnes,Nome,19,23
Seth Barnes,Ophir,30,10
Seth Barnes,Rainy Pass,37,5
Seth Barnes,Rohn,33,6
Seth Barnes,Safety,18,22
Seth Barnes,Shageluk,30,12
Seth Barnes,Shaktoolik,24,18
Seth Barnes,Skwentna,42,3
Seth Barnes,Takotna,36,9
Seth Barnes,Unalakleet,24,17
Seth Barnes,White Mountain,18,21
Seth Barnes,Willow,44,1
Seth Barnes,Yentna,45,2
Shaynee Traska,Finger Lake,31,4
Shaynee Traska,Nikolai,39,7
Shaynee Traska,Rainy Pass,39,5
Shaynee Traska,Rohn,39,6
Shaynee Traska,Skwentna,36,3
Shaynee Traska,Willow,6,1
Shaynee Traska,Yentna,52,2
Travis Beals,Anvik,16,13
Travis Beals,Eagle Island,14,15
Travis Beals,Elim,7,20
Travis Beals,Finger Lake,15,4
Travis Beals,Grayling,15,14
Travis Beals,Iditarod,14,11
Travis Beals,Kaltag,14,16
Travis Beals,Koyuk,8,19
Travis Beals,McGrath,9,8
Travis Beals,Nikolai,9,7
Travis Beals,Nome,5,23
Travis Beals,Ophir,18,10
Travis Beals,Rainy Pass,14,5
Travis Beals,Rohn,14,6
Travis Beals,Safety,5,22
Travis Beals,Shageluk,14,12
Travis Beals,Shaktoolik,11,18
Travis Beals,Skwentna,14,3
Travis Beals,Takotna,14,9
Travis Beals,Unalakleet,11,17
Travis Beals,White Mountain,6,21
Travis Beals,Willow,50,1
Travis Beals,Yentna,38,2
Victoria Hardwick,Anvik,47,13
Victoria Hardwick,Eagle Island,46,15
Victoria Hardwick,Elim,39,20
Victoria Hardwick,Finger Lake,52,4
Victoria Hardwick,Grayling,47,14
Victoria Hardwick,Iditarod,49,11
Victoria Hardwick,Kaltag,47,16
Victoria Hardwick,Koyuk,39,19
Victoria Hardwick,McGrath,50,8
Victoria Hardwick,Nikolai,52,7
Victoria Hardwick,Nome,40,23
Victoria Hardwick,Ophir,48,10
Victoria Hardwick,Rainy Pass,52,5
Victoria Hardwick,Rohn,52,6
Victoria Hardwick,Safety,41,22
Victoria Hardwick,Shageluk,47,12
Victoria Hardwick,Shaktoolik,42,18
Victoria Hardwick,Skwentna,50,3
Victoria Hardwick,Takotna,50,9
Victoria Hardwick,Unalakleet,44,17
Victoria Hardwick,White Mountain,41,21
Victoria Hardwick,Willow,29,1
Victoria Hardwick,Yentna,35,2
Wade Marrs,Anvik,26,13
Wade Marrs,Eagle Island,19,15
Wade Marrs,Elim,15,20
Wade Marrs,Finger Lake,17,4
Wade Marrs,Grayling,20,14
Wade Marrs,Iditarod,16,11
Wade Marrs,Kaltag,23,16
Wade Marrs,Koyuk,16,19
Wade Marrs,McGrath,14,8
Wade Marrs,Nikolai,17,7
Wade Marrs,Nome,14,23
Wade Marrs,Ophir,16,10
Wade Marrs,Rainy Pass,31,5
Wade Marrs,Rohn,17,6
Wade Marrs,Safety,14,22
Wade Marrs,Shageluk,29,12
Wade Marrs,Shaktoolik,19,18
Wade Marrs,Skwentna,18,3
Wade Marrs,Takotna,27,9
Wade Marrs,Unalakleet,19,17
Wade Marrs,White Mountain,14,21
Wade Marrs,Willow,35,1
Wade Marrs,Yentna,26,2
